banco,fecha,ratio_capital_global_pct,roe_pct,cartera_atrasada_pct,apr_total_soles
Alfin Banco,2018-01-31,4.52,-895.0578944570715,4.847144508759373,1458963.0599999998
Alfin Banco,2018-02-28,4.52,-895.0578944570715,4.847144508759373,1458963.0599999998
Alfin Banco,2018-03-31,4.52,-895.0578944570715,4.847144508759373,1458963.0599999998
Alfin Banco,2018-04-30,4.52,-895.0578944570715,4.847144508759373,1458963.0599999998
Alfin Banco,2018-05-31,4.52,-895.0578944570715,4.847144508759373,1458963.0599999998
Alfin Banco,2018-06-30,4.52,-895.0578944570715,4.847144508759373,1458963.0599999998
Alfin Banco,2018-07-31,4.52,-895.0578944570715,4.847144508759373,1458963.0599999998
Alfin Banco,2018-08-31,4.52,-895.0578944570715,4.847144508759373,1458963.0599999998
Alfin Banco,2018-09-30,4.52,-895.0578944570715,4.847144508759373,1458963.0599999998
Alfin Banco,2018-10-31,4.52,-895.0578944570715,4.847144508759373,1458963.0599999998
Alfin Banco,2018-11-30,4.52,-895.0578944570715,4.847144508759373,1458963.0599999998
Alfin Banco,2018-12-31,4.52,-895.0578944570715,4.847144508759373,1458963.0599999998
Alfin Banco,2019-01-31,4.52,-895.0578944570715,4.847144508759373,1458963.0599999998
Alfin Banco,2019-02-28,4.52,-895.0578944570715,4.847144508759373,1458963.0599999998
Alfin Banco,2019-03-31,4.52,-895.0578944570715,4.847144508759373,1458963.0599999998
Alfin Banco,2019-04-30,4.52,-895.0578944570715,4.847144508759373,1458963.0599999998
Alfin Banco,2019-05-31,4.52,-895.0578944570715,4.847144508759373,1458963.0599999998
Alfin Banco,2019-06-30,4.52,-895.0578944570715,4.847144508759373,1458963.0599999998
Alfin Banco,2019-07-31,4.52,-895.0578944570715,4.847144508759373,1458963.0599999998
Alfin Banco,2019-08-31,4.52,-895.0578944570715,4.847144508759373,1458963.0599999998
Alfin Banco,2019-09-30,4.52,-895.0578944570715,4.847144508759373,1458963.0599999998
Alfin Banco,2019-10-31,4.52,-895.0578944570715,4.847144508759373,1458963.0599999998
Alfin Banco,2019-11-30,4.52,-895.0578944570715,4.847144508759373,1458963.0599999998
Alfin Banco,2019-12-31,4.52,-895.0578944570715,4.847144508759373,1458963.0599999998
Alfin Banco,2020-01-31,4.52,-895.0578944570715,4.847144508759373,1458963.0599999998
Alfin Banco,2020-02-29,4.52,-895.0578944570715,4.847144508759373,1458963.0599999998
Alfin Banco,2020-03-31,4.52,-895.0578944570715,4.847144508759373,1458963.0599999998
Alfin Banco,2020-04-30,4.52,-895.0578944570715,4.847144508759373,1458963.0599999998
Alfin Banco,2020-05-31,4.52,-895.0578944570715,4.847144508759373,1458963.0599999998
Alfin Banco,2020-06-30,4.52,-895.0578944570715,4.847144508759373,1458963.0599999998
Alfin Banco,2020-07-31,4.52,-895.0578944570715,4.847144508759373,1458963.0599999998
Alfin Banco,2020-08-31,4.52,-895.0578944570715,4.847144508759373,1458963.0599999998
Alfin Banco,2020-09-30,4.52,-895.0578944570715,4.847144508759373,1458963.0599999998
Alfin Banco,2020-10-31,4.52,-895.0578944570715,4.847144508759373,1458963.0599999998
Alfin Banco,2020-11-30,4.52,-895.0578944570715,4.847144508759373,1458963.0599999998
Alfin Banco,2020-12-31,4.52,-895.0578944570715,4.847144508759373,1458963.0599999998
Alfin Banco,2021-01-31,4.52,-895.0578944570715,4.847144508759373,1458963.0599999998
Alfin Banco,2021-02-28,4.52,-895.0578944570715,4.847144508759373,1458963.0599999998
Alfin Banco,2021-03-31,4.52,-895.0578944570715,4.847144508759373,1458963.0599999998
Alfin Banco,2021-04-30,4.52,-895.0578944570715,4.847144508759373,1458963.0599999998
Alfin Banco,2021-05-31,4.52,-895.0578944570715,4.847144508759373,1458963.0599999998
Alfin Banco,2021-06-30,4.52,-895.0578944570715,4.847144508759373,1458963.0599999998
Alfin Banco,2021-07-31,4.52,-895.0578944570715,4.847144508759373,1458963.0599999998
Alfin Banco,2021-08-31,4.52,-895.0578944570715,4.847144508759373,1458963.0599999998
Alfin Banco,2021-09-30,4.52,-895.0578944570715,4.847144508759373,1458963.0599999998
Alfin Banco,2021-10-31,4.52,-895.0578944570715,4.847144508759373,1458963.0599999998
Alfin Banco,2021-11-30,4.52,-895.0578944570715,4.847144508759373,1458963.0599999998
Alfin Banco,2021-12-31,4.52,-895.0578944570715,4.847144508759373,1458963.0599999998
Alfin Banco,2022-01-31,4.52,-1605.5052278269627,4.847144508759373,1458963.0599999998
Alfin Banco,2022-02-28,4.52,-1529.022356418414,4.847144508759373,1458963.0599999998
Alfin Banco,2022-03-31,4.52,-790.1088866113987,4.847144508759373,1458963.0599999998
Alfin Banco,2022-04-30,4.52,-51.195416804383555,4.847144508759373,1458963.0599999998
Alfin Banco,2022-05-31,4.39,-61.05859208720747,4.847144508759373,1460358.0100000002
Alfin Banco,2022-06-30,4.22,-66.56908339977515,4.847144508759373,1483756.0099999998
Alfin Banco,2022-07-31,4.28,-44.57779467160299,4.847144508759373,1498708.4400000002
Alfin Banco,2022-08-31,4.39,-26.014536359906117,4.1422951855544055,1511414.3199999998
Alfin Banco,2022-09-30,4.78,-23.909045953808196,3.856207529111609,1579656.9300000002
Alfin Banco,2022-10-31,7.33,-7.172632971928176,3.913895608861185,1614248.2700000003
Alfin Banco,2022-11-30,8.53,-6.004525837572385,3.6043430134095034,1611948.7799999998
Alfin Banco,2022-12-31,9.66,-1.4690771261571105,3.7511931338443096,1473770.58
Alfin Banco,2023-01-31,10.62,0.8930425115975705,4.032246250433469,858374.1340600001
Alfin Banco,2023-02-28,10.35,0.6035035393560717,3.3828724358824522,888973.5997299999
Alfin Banco,2023-03-31,10.075,0.5588235098085037,2.8748580148423293,913039.854265
Alfin Banco,2023-04-30,9.8,0.5141434802609356,2.3668435938022063,937106.1088
Alfin Banco,2023-05-31,9.81,0.7387715546954021,3.137160489931306,936370.3042499999
Alfin Banco,2023-06-30,9.717164711338238,0.798972567667751,4.258200593240729,953318.15699
Alfin Banco,2023-07-31,9.206601061032796,0.6958078494063815,4.7309691089973445,970262.3198299999
Alfin Banco,2023-08-31,9.597876948170214,0.8255443555875448,6.866649074219831,984217.29455
Alfin Banco,2023-09-30,9.729666057585929,-3.5012566330279284,6.105004775370435,969833.26926
Alfin Banco,2023-10-31,10.983951143911938,0.34417077740443436,2.2259869643561823,910404.57365
Alfin Banco,2023-11-30,10.927363868630593,-1.6764165534562325,3.725972657919697,904860.25887
Alfin Banco,2023-12-31,12.553470665863117,0.17870662206656945,3.1387786275823197,941263.88172
Alfin Banco,2024-01-31,13.132436676302166,1.7608602379271254,3.317271944678815,960730.85004
Alfin Banco,2024-02-29,13.486734838928555,0.9411187319081223,4.155086263842173,986845.30193
Alfin Banco,2024-03-31,13.472652654087526,0.8958636097820702,4.722904573265225,996365.65713
Alfin Banco,2024-04-30,13.458570469246498,0.850608487656018,5.290722882688277,1005886.0123299999
Alfin Banco,2024-05-31,14.296474813372376,0.9765142543194365,7.061644708654861,990286.15652
Alfin Banco,2024-06-30,16.09404727811831,1.0025499675522502,4.743513059133759,956070.32534
Alfin Banco,2024-07-31,16.62619222390495,1.0094146622579483,5.242770938813365,917620.3239099999
Alfin Banco,2024-08-31,16.79082445591377,1.1588063007280558,3.941558304452744,904416.5126700001
Alfin Banco,2024-09-30,16.58967687482399,1.0768411225033867,4.086765826071913,917439.9362100001
Alfin Banco,2024-10-31,16.624763430186054,1.1295195562231166,4.203565425315765,918576.80626
Alfin Banco,2024-11-30,16.75552375776069,1.0956398357991073,4.450423537348185,912418.3527299999
Alfin Banco,2024-12-31,15.217888875539995,1.1039445993784902,4.369241867000863,970540.68992
Alfin Banco,2025-01-31,14.442028815824187,2.0657782505444104,4.315467732511616,965568.89914
Alfin Banco,2025-02-28,13.87934802817684,1.8425473116301154,3.726665490869779,1007945.4949999999
Alfin Banco,2025-03-31,13.543126352783752,3.6469456591242997,3.604704682977582,1086800.357535
Alfin Banco,2025-04-30,13.206904677390662,5.451344006618483,3.4827438750853847,1165655.2200699998
Alfin Banco,2025-05-31,13.350586082033924,5.835726729975443,3.585147938006375,1179978.3136
Alfin Banco,2025-06-30,13.566044152861975,6.198757432209394,3.8530323557316275,1179647.38478
Alfin Banco,2025-07-31,13.6397054057971,6.791364621838758,3.8013846776411584,1195773.80357
Alfin Banco,2025-08-31,13.701217734478705,6.839591194776248,3.7810415555215733,1241898.96579
Alfin Banco,2025-09-30,13.651117148654695,7.103897784334142,3.3303245172582505,1265168.80214
Alfin Banco,2025-10-31,14.28896237971284,6.701565492205589,3.7052899833426536,1280707.22477
Alfin Banco,2025-11-30,16.014840485017476,5.72345837182384,2.9928634231883424,1312315.7948999999
Alfin Banco,2025-12-31,14.46264538250188,5.882144957377426,3.26623106398317,1328639.27238
Banco Azteca Perú,2018-01-31,23.32,1.153068435986253,9.651994671365125,604795.3999999999
Banco Azteca Perú,2018-02-28,23.35,2.8913828510044284,9.465920913421233,603866.2000000001
Banco Azteca Perú,2018-03-31,23.755000000000003,3.490999800259843,9.534935722774815,593722.7000000001
Banco Azteca Perú,2018-04-30,24.16,4.090616749515257,9.603950532128398,583579.2000000001
Banco Azteca Perú,2018-05-31,24.29,3.3288222093394526,9.679395635269634,580217.8
Banco Azteca Perú,2018-06-30,24.52,2.8772600872313747,9.670746360161315,574170.5
Banco Azteca Perú,2018-07-31,25.34,2.683609795177039,9.481795733486113,555525.5
Banco Azteca Perú,2018-08-31,25.5,2.528139353569741,9.65662404314339,551797.3
Banco Azteca Perú,2018-09-30,25.8,2.3134421964581153,9.529672726949585,548183.7999999999
Banco Azteca Perú,2018-10-31,25.73,1.557106975620539,9.737532274398255,550303.5
Banco Azteca Perú,2018-11-30,25.5,1.4234478415823781,9.414116002516945,555372.1
Banco Azteca Perú,2018-12-31,25.1,1.4390561656875325,9.361937249879068,564281.1
Banco Azteca Perú,2019-01-31,25.51,0.04925627008331822,9.303629978003078,555079.5
Banco Azteca Perú,2019-02-28,25.39,-1.743953994606206,9.262585374804445,556007.6
Banco Azteca Perú,2019-03-31,25.18,-2.4008532228539137,9.241021231125444,559258.6
Banco Azteca Perú,2019-04-30,24.97,-3.057752451101621,9.219457087446443,562509.6
Banco Azteca Perú,2019-05-31,24.49,-4.259437185229862,9.200853707254208,569500.3
Banco Azteca Perú,2019-06-30,23.96,0.14933611548891174,9.109015705616393,593493.3
Banco Azteca Perú,2019-07-31,23.01,0.36849077613553755,9.025479663264422,618944.2
Banco Azteca Perú,2019-08-31,22.37,0.7873866999755461,8.749257371143768,637443.8999999999
Banco Azteca Perú,2019-09-30,22.15,0.7200327762854133,8.546499878734894,644089.5
Banco Azteca Perú,2019-10-31,20.47,0.14631651357539402,8.653857158649489,699764.9
Banco Azteca Perú,2019-11-30,19.72,-1.361485755664687,8.989623938342858,718750.1
Banco Azteca Perú,2019-12-31,18.43,-7.138250579033106,8.9929784647543,726965.0
Banco Azteca Perú,2020-01-31,17.95,-25.121649925329432,9.396318379595991,730290.8999999999
Banco Azteca Perú,2020-02-29,17.41,-33.35357938053423,9.799658294437682,728541.3
Banco Azteca Perú,2020-03-31,16.845,-28.374626210657297,10.202998209279372,747170.4
Banco Azteca Perú,2020-04-30,16.28,-23.395673040780366,10.606338124121063,765799.5
Banco Azteca Perú,2020-05-31,16.26,-22.570172023170596,11.009678038962754,754730.4999999999
Banco Azteca Perú,2020-06-30,16.96,-18.353699511792847,11.413017953804445,723728.2
Banco Azteca Perú,2020-07-31,17.13,-20.46657839999886,11.816357868646136,698071.3
Banco Azteca Perú,2020-08-31,17.08,-26.173337542408586,12.219697783487828,665494.1000000001
Banco Azteca Perú,2020-09-30,16.74,-31.709747362288475,12.623037698329519,642939.8
Banco Azteca Perú,2020-10-31,17.52,-36.452428445759686,13.02637761317121,605962.7000000001
Banco Azteca Perú,2020-11-30,16.4,-49.81703388423814,13.429717528012901,580695.8
Banco Azteca Perú,2020-12-31,18.41,-51.342631315268285,13.83305744285459,559849.7
Banco Azteca Perú,2021-01-31,17.1,-188.04748961798842,14.236397357696282,543135.9
Banco Azteca Perú,2021-02-28,14.56,-206.42362313423413,14.639737272537973,553151.3
Banco Azteca Perú,2021-03-31,13.7,-203.31699810700002,18.668551348123422,539437.35
Banco Azteca Perú,2021-04-30,12.84,-200.21037307976587,22.697365423708874,525723.3999999999
Banco Azteca Perú,2021-05-31,11.71,-234.32250989015904,16.456374410404813,488634.79999999993
Banco Azteca Perú,2021-06-30,10.32,-235.36280228039396,12.98718398438051,505163.61
Banco Azteca Perú,2021-07-31,9.77,-290.328978497322,8.896860279156888,519013.67999999993
Banco Azteca Perú,2021-08-31,10.53,-436.5884608985356,7.858147668554093,528018.3300000001
Banco Azteca Perú,2021-09-30,9.7,-660.435013590334,12.525432155543658,549146.3500000001
Banco Azteca Perú,2021-10-31,7.77,-1438.0808856274416,11.121195955489464,562598.14
Banco Azteca Perú,2021-11-30,7.77,-1438.0808856274416,11.121195955489464,562598.14
Banco Azteca Perú,2021-12-31,7.77,-1438.0808856274416,11.121195955489464,562598.14
Banco Azteca Perú,2022-01-31,7.77,-1438.0808856274416,11.121195955489464,562598.14
Banco Azteca Perú,2022-02-28,7.77,-1438.0808856274416,11.121195955489464,562598.14
Banco Azteca Perú,2022-03-31,7.77,-1438.0808856274416,11.121195955489464,562598.14
Banco Azteca Perú,2022-04-30,7.77,-1438.0808856274416,11.121195955489464,562598.14
Banco Azteca Perú,2022-05-31,7.77,-1438.0808856274416,11.121195955489464,562598.14
Banco Azteca Perú,2022-06-30,7.77,-1438.0808856274416,11.121195955489464,562598.14
Banco Azteca Perú,2022-07-31,7.77,-1438.0808856274416,11.121195955489464,562598.14
Banco Azteca Perú,2022-08-31,7.77,-1438.0808856274416,11.121195955489464,562598.14
Banco Azteca Perú,2022-09-30,7.77,-1438.0808856274416,11.121195955489464,562598.14
Banco Azteca Perú,2022-10-31,7.77,-1438.0808856274416,11.121195955489464,562598.14
Banco Azteca Perú,2022-11-30,7.77,-1438.0808856274416,11.121195955489464,562598.14
Banco Azteca Perú,2022-12-31,7.77,-1438.0808856274416,11.121195955489464,562598.14
Banco Azteca Perú,2023-01-31,7.77,-1438.0808856274416,11.121195955489464,562598.14
Banco Azteca Perú,2023-02-28,7.77,-1438.0808856274416,11.121195955489464,562598.14
Banco Azteca Perú,2023-03-31,7.77,-1438.0808856274416,11.121195955489464,562598.14
Banco Azteca Perú,2023-04-30,7.77,-1438.0808856274416,11.121195955489464,562598.14
Banco Azteca Perú,2023-05-31,7.77,-1438.0808856274416,11.121195955489464,562598.14
Banco Azteca Perú,2023-06-30,7.77,-1438.0808856274416,11.121195955489464,562598.14
Banco Azteca Perú,2023-07-31,7.77,-1438.0808856274416,11.121195955489464,562598.14
Banco Azteca Perú,2023-08-31,7.77,-1438.0808856274416,11.121195955489464,562598.14
Banco Azteca Perú,2023-09-30,7.77,-1438.0808856274416,11.121195955489464,562598.14
Banco Azteca Perú,2023-10-31,7.77,-1438.0808856274416,11.121195955489464,562598.14
Banco Azteca Perú,2023-11-30,7.77,-1438.0808856274416,11.121195955489464,562598.14
Banco Azteca Perú,2023-12-31,7.77,-1438.0808856274416,11.121195955489464,562598.14
Banco Azteca Perú,2024-01-31,7.77,-1438.0808856274416,11.121195955489464,562598.14
Banco Azteca Perú,2024-02-29,7.77,-1438.0808856274416,11.121195955489464,562598.14
Banco Azteca Perú,2024-03-31,7.77,-1438.0808856274416,11.121195955489464,562598.14
Banco Azteca Perú,2024-04-30,7.77,-1438.0808856274416,11.121195955489464,562598.14
Banco Azteca Perú,2024-05-31,7.77,-1438.0808856274416,11.121195955489464,562598.14
Banco Azteca Perú,2024-06-30,7.77,-1438.0808856274416,11.121195955489464,562598.14
Banco Azteca Perú,2024-07-31,7.77,-1438.0808856274416,11.121195955489464,562598.14
Banco Azteca Perú,2024-08-31,7.77,-1438.0808856274416,11.121195955489464,562598.14
Banco Azteca Perú,2024-09-30,7.77,-1438.0808856274416,11.121195955489464,562598.14
Banco Azteca Perú,2024-10-31,7.77,-1438.0808856274416,11.121195955489464,562598.14
Banco Azteca Perú,2024-11-30,7.77,-1438.0808856274416,11.121195955489464,562598.14
Banco Azteca Perú,2024-12-31,7.77,-1438.0808856274416,11.121195955489464,562598.14
Banco Azteca Perú,2025-01-31,7.77,-1438.0808856274416,11.121195955489464,562598.14
Banco Azteca Perú,2025-02-28,7.77,-1438.0808856274416,11.121195955489464,562598.14
Banco Azteca Perú,2025-03-31,7.77,-1438.0808856274416,11.121195955489464,562598.14
Banco Azteca Perú,2025-04-30,7.77,-1438.0808856274416,11.121195955489464,562598.14
Banco Azteca Perú,2025-05-31,7.77,-1438.0808856274416,11.121195955489464,562598.14
Banco Azteca Perú,2025-06-30,7.77,-1438.0808856274416,11.121195955489464,562598.14
Banco Azteca Perú,2025-07-31,7.77,-1438.0808856274416,11.121195955489464,562598.14
Banco Azteca Perú,2025-08-31,7.77,-1438.0808856274416,11.121195955489464,562598.14
Banco Azteca Perú,2025-09-30,7.77,-1438.0808856274416,11.121195955489464,562598.14
Banco Azteca Perú,2025-10-31,7.77,-1438.0808856274416,11.121195955489464,562598.14
Banco Azteca Perú,2025-11-30,7.77,-1438.0808856274416,11.121195955489464,562598.14
Banco Azteca Perú,2025-12-31,7.77,-1438.0808856274416,11.121195955489464,562598.14
Banco BBVA Perú,2018-01-31,14.56,19.120319970649994,3.2252317739768013,70500220.8
Banco BBVA Perú,2018-02-28,14.56,19.120319970649994,3.2252317739768013,70500220.8
Banco BBVA Perú,2018-03-31,14.56,19.120319970649994,3.2252317739768013,70500220.8
Banco BBVA Perú,2018-04-30,14.56,19.120319970649994,3.2252317739768013,70500220.8
Banco BBVA Perú,2018-05-31,14.56,19.120319970649994,3.2252317739768013,70500220.8
Banco BBVA Perú,2018-06-30,14.56,19.120319970649994,3.2252317739768013,70500220.8
Banco BBVA Perú,2018-07-31,14.56,19.120319970649994,3.2252317739768013,70500220.8
Banco BBVA Perú,2018-08-31,14.56,19.120319970649994,3.2252317739768013,70500220.8
Banco BBVA Perú,2018-09-30,14.56,19.120319970649994,3.2252317739768013,70500220.8
Banco BBVA Perú,2018-10-31,14.56,19.120319970649994,3.2252317739768013,70500220.8
Banco BBVA Perú,2018-11-30,14.56,19.120319970649994,3.2252317739768013,70500220.8
Banco BBVA Perú,2018-12-31,14.56,19.120319970649994,3.2252317739768013,70500220.8
Banco BBVA Perú,2019-01-31,14.56,19.120319970649994,3.2252317739768013,70500220.8
Banco BBVA Perú,2019-02-28,14.56,19.120319970649994,3.2252317739768013,70500220.8
Banco BBVA Perú,2019-03-31,14.56,19.120319970649994,3.2252317739768013,70500220.8
Banco BBVA Perú,2019-04-30,14.56,19.120319970649994,3.2252317739768013,70500220.8
Banco BBVA Perú,2019-05-31,14.56,19.120319970649994,3.2252317739768013,70500220.8
Banco BBVA Perú,2019-06-30,14.56,19.120319970649994,3.2252317739768013,70500220.8
Banco BBVA Perú,2019-07-31,14.45,19.120319970649994,3.2252317739768013,71248259.30000001
Banco BBVA Perú,2019-08-31,14.21,18.95659802460704,3.2317875929437476,72988208.4
Banco BBVA Perú,2019-09-30,13.95,18.596892600892893,3.0862199957643317,74459946.80000001
Banco BBVA Perú,2019-10-31,14.5,18.155890672135826,3.1757098649714925,74076838.0
Banco BBVA Perú,2019-11-30,13.96,17.758546088972146,3.1195541262212605,77547603.3
Banco BBVA Perú,2019-12-31,14.05,17.522220323284095,3.0200123072657714,76706170.9
Banco BBVA Perú,2020-01-31,14.23,17.046082238384482,3.044738535994753,77386718.10000001
Banco BBVA Perú,2020-02-29,14.17,15.79110446723854,3.069464764723735,78182497.3
Banco BBVA Perú,2020-03-31,14.105,14.146462528261317,3.0941909934527168,78429499.35
Banco BBVA Perú,2020-04-30,14.04,12.501820589284094,3.118917222181699,78676501.39999999
Banco BBVA Perú,2020-05-31,14.2,11.238673382256588,3.1436434509106808,78622862.6
Banco BBVA Perú,2020-06-30,14.07,10.069981877429733,3.1683696796396625,79901322.1
Banco BBVA Perú,2020-07-31,14.26,9.382678633811748,3.1930959083686443,78672972.2
Banco BBVA Perú,2020-08-31,14.46,8.988212126975583,3.217822137097626,77592576.10000001
Banco BBVA Perú,2020-09-30,14.45,8.046841415504737,3.242548365826608,77794763.4
Banco BBVA Perú,2020-10-31,13.83,7.434928247517885,3.2672745945555897,77160061.3
Banco BBVA Perú,2020-11-30,13.91,7.067055725156653,3.292000823284572,76392245.1
Banco BBVA Perú,2020-12-31,13.68,6.987317004372542,3.3167270520135537,77820234.80000001
Banco BBVA Perú,2021-01-31,13.68,7.4819723187325895,3.3414532807425354,77938446.0
Banco BBVA Perú,2021-02-28,14.59,6.718475338591699,3.3661795094715172,78140164.4
Banco BBVA Perú,2021-03-31,14.735,8.01875602112915,3.3479045232591513,78129559.39
Banco BBVA Perú,2021-04-30,14.88,9.3190367036666,3.3296295370467854,78118954.38
Banco BBVA Perú,2021-05-31,14.47,9.49083058105997,3.269627346250678,80796272.91
Banco BBVA Perú,2021-06-30,14.59,10.21157425305058,3.255930056317364,80309437.48
Banco BBVA Perú,2021-07-31,14.5,11.059525162848702,3.40824550176895,81676580.96999997
Banco BBVA Perú,2021-08-31,14.51,11.497666027449752,3.506074726308294,81925949.46
Banco BBVA Perú,2021-09-30,14.52,12.528871106508161,3.551469816823756,82078993.4
Banco BBVA Perú,2021-10-31,14.31,14.593433399917568,3.6097729684549584,82948784.14999999
Banco BBVA Perú,2021-11-30,14.13,14.721098144056699,3.6815020130260763,84577193.5
Banco BBVA Perú,2021-12-31,14.13,15.31460935296079,3.701022139540009,84328425.30000001
Banco BBVA Perú,2022-01-31,13.97,15.395806363882292,3.945015556723688,84855265.72000003
Banco BBVA Perú,2022-02-28,14.06,15.222151422543181,3.9972268546415037,83997333.35
Banco BBVA Perú,2022-03-31,14.205,16.251993689530835,3.981471835094188,85796269.69999999
Banco BBVA Perú,2022-04-30,14.35,17.28183595651849,3.9657168155468723,87595206.04999998
Banco BBVA Perú,2022-05-31,14.5,18.23379463478101,3.958490322303101,86172610.24000001
Banco BBVA Perú,2022-06-30,14.35,18.411348069567506,4.018742094647428,87782466.0
Banco BBVA Perú,2022-07-31,14.19,18.734766567136198,4.001380449067086,89382273.75999999
Banco BBVA Perú,2022-08-31,14.11,18.359886975042283,4.092147511880436,89262613.85999997
Banco BBVA Perú,2022-09-30,14.0,18.273008520307343,4.176730297435764,90692214.63000003
Banco BBVA Perú,2022-10-31,13.92,17.9255289683875,4.28882774570751,91430144.64
Banco BBVA Perú,2022-11-30,13.94,17.319555214864824,4.299191807229024,90739307.69000001
Banco BBVA Perú,2022-12-31,13.96,16.9897379015474,4.374248886785302,92296091.75999999
Banco BBVA Perú,2023-01-31,16.3,18.44680451843702,4.53675331314781,87579417.15762001
Banco BBVA Perú,2023-02-28,16.490000000000002,15.433592320945067,4.545117152836074,87396631.42715
Banco BBVA Perú,2023-03-31,15.925,16.92983534462462,4.4611588595318015,88430388.68187499
Banco BBVA Perú,2023-04-30,15.36,18.42607836830418,4.377200566227529,89464145.9366
Banco BBVA Perú,2023-05-31,15.53,18.212797052705945,4.547659266894119,89746065.10204
Banco BBVA Perú,2023-06-30,15.660210604964462,17.569503273327623,4.611160883954022,90289952.50692
Banco BBVA Perú,2023-07-31,15.78615320713066,17.28631007253154,4.714952828469334,90423055.8585
Banco BBVA Perú,2023-08-31,15.874657784367857,16.76224546612892,4.729318314091082,91220409.3483
Banco BBVA Perú,2023-09-30,15.874145146853444,16.547154852356798,4.672246592834038,92376486.54741
Banco BBVA Perú,2023-10-31,15.56253758649431,16.221008990176937,4.769828086539744,93854722.84744999
Banco BBVA Perú,2023-11-30,15.584538476895737,15.593180951497501,4.843174850747266,94617499.98959
Banco BBVA Perú,2023-12-31,15.587582546550346,15.111371327860294,4.713840923006447,95667570.11386001
Banco BBVA Perú,2024-01-31,15.759478012856729,11.213693423294217,4.886466847377095,96059665.72811
Banco BBVA Perú,2024-02-29,16.04185245621433,9.50669523677625,4.932619606751945,94386779.74352999
Banco BBVA Perú,2024-03-31,15.804661277639388,11.180992986354529,4.831182404324487,95205534.825315
Banco BBVA Perú,2024-04-30,15.567470099064447,12.855290735932806,4.729745201897029,96024289.9071
Banco BBVA Perú,2024-05-31,16.093006296509728,12.76294520432696,4.826064051101715,94412769.72666
Banco BBVA Perú,2024-06-30,15.938616393668775,13.230198028314765,4.538720367409267,96314269.63130999
Banco BBVA Perú,2024-07-31,16.06815197574966,13.712000438438258,4.571664053846262,96294331.37101
Banco BBVA Perú,2024-08-31,16.300498105775944,13.681959866963748,4.294642412589393,96358304.57444
Banco BBVA Perú,2024-09-30,15.660495425327808,13.615576934833712,4.132427878069339,98304727.94141
Banco BBVA Perú,2024-10-31,15.688982190863317,13.699952854829768,4.0681678462845845,98756142.96871002
Banco BBVA Perú,2024-11-30,15.805888163734194,13.934799618812388,3.930631570411214,99450199.70643
Banco BBVA Perú,2024-12-31,15.94723100387869,14.18429943880728,3.7247121329347292,99900295.84366
Banco BBVA Perú,2025-01-31,16.281347564942696,16.283480857587485,3.7488550245579835,98741345.96707
Banco BBVA Perú,2025-02-28,16.53429273181124,15.180019820602771,3.6446520272636924,98349013.12986
Banco BBVA Perú,2025-03-31,16.01146327681351,15.734862866207116,3.579512932197592,99857644.68474999
Banco BBVA Perú,2025-04-30,15.488633821815784,16.289705911811463,3.514373837131491,101366276.23964
Banco BBVA Perú,2025-05-31,15.579806563776428,16.3199485622498,3.4807404190246056,101918327.68180001
Banco BBVA Perú,2025-06-30,15.73837551361943,16.3164438771156,3.3817066131383986,102226519.14497
Banco BBVA Perú,2025-07-31,15.76098213074499,16.9172030226029,3.4506932123683645,103917442.62532
Banco BBVA Perú,2025-08-31,15.9456335112501,17.18235737691362,3.3479021197281944,104319261.79147999
Banco BBVA Perú,2025-09-30,15.85922255083644,17.005129693435716,3.3049437976833844,106402416.46756001
Banco BBVA Perú,2025-10-31,15.79123856753222,16.720350505580832,3.253654375687544,107889702.83691001
Banco BBVA Perú,2025-11-30,15.814108417460318,16.28812442282751,3.074971571950957,109084714.52368999
Banco BBVA Perú,2025-12-31,15.914117436150981,15.949859607408396,3.230611224057615,109712819.33285001
Banco BCI Perú,2018-01-31,41.65,-7.787884958261738,0.0,518595.97000000003
Banco BCI Perú,2018-02-28,41.65,-7.787884958261738,0.0,518595.97000000003
Banco BCI Perú,2018-03-31,41.65,-7.787884958261738,0.0,518595.97000000003
Banco BCI Perú,2018-04-30,41.65,-7.787884958261738,0.0,518595.97000000003
Banco BCI Perú,2018-05-31,41.65,-7.787884958261738,0.0,518595.97000000003
Banco BCI Perú,2018-06-30,41.65,-7.787884958261738,0.0,518595.97000000003
Banco BCI Perú,2018-07-31,41.65,-7.787884958261738,0.0,518595.97000000003
Banco BCI Perú,2018-08-31,41.65,-7.787884958261738,0.0,518595.97000000003
Banco BCI Perú,2018-09-30,41.65,-7.787884958261738,0.0,518595.97000000003
Banco BCI Perú,2018-10-31,41.65,-7.787884958261738,0.0,518595.97000000003
Banco BCI Perú,2018-11-30,41.65,-7.787884958261738,0.0,518595.97000000003
Banco BCI Perú,2018-12-31,41.65,-7.787884958261738,0.0,518595.97000000003
Banco BCI Perú,2019-01-31,41.65,-7.787884958261738,0.0,518595.97000000003
Banco BCI Perú,2019-02-28,41.65,-7.787884958261738,0.0,518595.97000000003
Banco BCI Perú,2019-03-31,41.65,-7.787884958261738,0.0,518595.97000000003
Banco BCI Perú,2019-04-30,41.65,-7.787884958261738,0.0,518595.97000000003
Banco BCI Perú,2019-05-31,41.65,-7.787884958261738,0.0,518595.97000000003
Banco BCI Perú,2019-06-30,41.65,-7.787884958261738,0.0,518595.97000000003
Banco BCI Perú,2019-07-31,41.65,-7.787884958261738,0.0,518595.97000000003
Banco BCI Perú,2019-08-31,41.65,-7.787884958261738,0.0,518595.97000000003
Banco BCI Perú,2019-09-30,41.65,-7.787884958261738,0.0,518595.97000000003
Banco BCI Perú,2019-10-31,41.65,-7.787884958261738,0.0,518595.97000000003
Banco BCI Perú,2019-11-30,41.65,-7.787884958261738,0.0,518595.97000000003
Banco BCI Perú,2019-12-31,41.65,-7.787884958261738,0.0,518595.97000000003
Banco BCI Perú,2020-01-31,41.65,-7.787884958261738,0.0,518595.97000000003
Banco BCI Perú,2020-02-29,41.65,-7.787884958261738,0.0,518595.97000000003
Banco BCI Perú,2020-03-31,41.65,-7.787884958261738,0.0,518595.97000000003
Banco BCI Perú,2020-04-30,41.65,-7.787884958261738,0.0,518595.97000000003
Banco BCI Perú,2020-05-31,41.65,-7.787884958261738,0.0,518595.97000000003
Banco BCI Perú,2020-06-30,41.65,-7.787884958261738,0.0,518595.97000000003
Banco BCI Perú,2020-07-31,41.65,-7.787884958261738,0.0,518595.97000000003
Banco BCI Perú,2020-08-31,41.65,-7.787884958261738,0.0,518595.97000000003
Banco BCI Perú,2020-09-30,41.65,-7.787884958261738,0.0,518595.97000000003
Banco BCI Perú,2020-10-31,41.65,-7.787884958261738,0.0,518595.97000000003
Banco BCI Perú,2020-11-30,41.65,-7.787884958261738,0.0,518595.97000000003
Banco BCI Perú,2020-12-31,41.65,-7.787884958261738,0.0,518595.97000000003
Banco BCI Perú,2021-01-31,41.65,-7.787884958261738,0.0,518595.97000000003
Banco BCI Perú,2021-02-28,41.65,-7.787884958261738,0.0,518595.97000000003
Banco BCI Perú,2021-03-31,41.65,-7.787884958261738,0.0,518595.97000000003
Banco BCI Perú,2021-04-30,41.65,-7.787884958261738,0.0,518595.97000000003
Banco BCI Perú,2021-05-31,41.65,-7.787884958261738,0.0,518595.97000000003
Banco BCI Perú,2021-06-30,41.65,-7.787884958261738,0.0,518595.97000000003
Banco BCI Perú,2021-07-31,41.65,-7.787884958261738,0.0,518595.97000000003
Banco BCI Perú,2021-08-31,41.65,-7.787884958261738,0.0,518595.97000000003
Banco BCI Perú,2021-09-30,41.65,-7.787884958261738,0.0,518595.97000000003
Banco BCI Perú,2021-10-31,41.65,-7.787884958261738,0.0,518595.97000000003
Banco BCI Perú,2021-11-30,41.65,-7.787884958261738,0.0,518595.97000000003
Banco BCI Perú,2021-12-31,41.65,-7.787884958261738,0.0,518595.97000000003
Banco BCI Perú,2022-01-31,41.65,-7.787884958261738,0.0,518595.97000000003
Banco BCI Perú,2022-02-28,41.65,-7.787884958261738,0.0,518595.97000000003
Banco BCI Perú,2022-03-31,41.65,-7.787884958261738,0.0,518595.97000000003
Banco BCI Perú,2022-04-30,41.65,-7.787884958261738,0.0,518595.97000000003
Banco BCI Perú,2022-05-31,41.65,-7.787884958261738,0.0,518595.97000000003
Banco BCI Perú,2022-06-30,41.65,-7.787884958261738,0.0,518595.97000000003
Banco BCI Perú,2022-07-31,41.65,-7.787884958261738,0.0,518595.97000000003
Banco BCI Perú,2022-08-31,41.65,-7.787884958261738,0.0,518595.97000000003
Banco BCI Perú,2022-09-30,41.65,-7.787884958261738,0.0,518595.97000000003
Banco BCI Perú,2022-10-31,36.29,-7.787884958261738,0.0,588956.4600000001
Banco BCI Perú,2022-11-30,33.97,-8.52175599272037,0.0,622270.1499999999
Banco BCI Perú,2022-12-31,28.86,-10.156290236426315,0.0,718258.52
Banco BCI Perú,2023-01-31,58.83,-12.272458920036316,0.0,330433.75190000003
Banco BCI Perú,2023-02-28,68.36,-8.374924977197695,0.0,348326.66215999995
Banco BCI Perú,2023-03-31,92.775,-5.799544259747915,0.0,358961.33793499996
Banco BCI Perú,2023-04-30,117.19,-3.2241635422981334,0.0,369596.01370999997
Banco BCI Perú,2023-05-31,95.02,-2.770896507458632,0.0,456009.62849000003
Banco BCI Perú,2023-06-30,93.43642108438188,-2.564111801630229,0.0,462359.69801
Banco BCI Perú,2023-07-31,66.81985221242657,-2.575517102028455,0.0,647004.84293
Banco BCI Perú,2023-08-31,45.980934281523396,-1.3766931229375456,0.0,958930.43602
Banco BCI Perú,2023-09-30,36.40879021979998,-0.6774074789128969,0.0,1216024.3067599998
Banco BCI Perú,2023-10-31,30.039044878230182,-0.42835430840158417,2.2232672168922543,1476910.87
Banco BCI Perú,2023-11-30,47.869576585571124,-0.2671080396520536,2.203592706340308,1155246.02707
Banco BCI Perú,2023-12-31,40.23270634482503,-0.5561168498691133,1.83715722348799,1373519.1594
Banco BCI Perú,2024-01-31,39.1340159765888,9.921713226606906,1.9332214399987189,1432471.06688
Banco BCI Perú,2024-02-29,36.40721912849866,5.922264003617543,1.9633185123813797,1538629.6004599999
Banco BCI Perú,2024-03-31,40.18820905527197,5.161261815925491,2.136540626649225,1407109.411235
Banco BCI Perú,2024-04-30,43.96919898204528,4.40025962823344,2.30976274091707,1275589.2220100001
Banco BCI Perú,2024-05-31,37.4416242340372,3.0912823979973387,4.260980076128453,1501466.5954500001
Banco BCI Perú,2024-06-30,32.084975584021336,3.2158268063696553,3.8593311854802166,1765587.80251
Banco BCI Perú,2024-07-31,33.73503024454029,2.166521526748177,4.572706537852124,1675166.949
Banco BCI Perú,2024-08-31,33.59965310216745,1.8015889214775445,2.614693341263139,1699912.78966
Banco BCI Perú,2024-09-30,34.594636255727956,1.6776602223405344,2.579136478060927,1656609.3119299999
Banco BCI Perú,2024-10-31,34.296798785654765,1.323667916667197,2.490925871852574,1659772.1578300002
Banco BCI Perú,2024-11-30,30.870568127355487,1.3594124667760439,2.273355199295798,1846973.31818
Banco BCI Perú,2024-12-31,29.490741669779684,1.5586797048441858,1.2342326020776584,1923532.69346
Banco BCI Perú,2025-01-31,28.904169805907152,2.6743520324374224,1.1693698255500924,1975371.63154
Banco BCI Perú,2025-02-28,28.10548965070882,2.3999599250963715,1.1046406196033525,2049936.1266299998
Banco BCI Perú,2025-03-31,32.869192515532625,4.139541094660349,1.0714391848157392,2144611.55557
Banco BCI Perú,2025-04-30,37.63289538035643,5.879122264224327,1.038237750028126,2239286.98451
Banco BCI Perú,2025-05-31,36.94992397592512,5.629827679839192,0.9426222321372496,2298094.5583699998
Banco BCI Perú,2025-06-30,33.316764395298335,5.489404191508988,0.8400289111336383,2569144.79125
Banco BCI Perú,2025-07-31,34.74350062094196,5.579189118202938,0.8347544863822678,2481786.00556
Banco BCI Perú,2025-08-31,34.515775243463295,5.560971625926359,0.8184582540521852,2519071.8466600003
Banco BCI Perú,2025-09-30,35.25668271647249,5.357264947632476,0.8211076368133137,2488979.3717
Banco BCI Perú,2025-10-31,33.876577559339204,5.0631265879734055,0.7497502317220162,2601913.3655999997
Banco BCI Perú,2025-11-30,31.27750586618862,4.562298935482599,0.6907234402979965,2836079.28022
Banco BCI Perú,2025-12-31,28.6231144176328,4.151497369796029,0.620328638552564,3134118.72062
Banco Cencosud,2018-01-31,16.43,12.681901184099804,4.337264373376787,959133.1
Banco Cencosud,2018-02-28,16.24,12.966304798676203,4.387287996466016,975791.0
Banco Cencosud,2018-03-31,16.369999999999997,11.432214339680328,4.998918587044127,1005642.1
Banco Cencosud,2018-04-30,16.5,9.898123880684453,5.610549177622238,1035493.2
Banco Cencosud,2018-05-31,17.25,9.522270843523954,6.402761939389115,1054085.2
Banco Cencosud,2018-06-30,16.91,7.893203429496796,6.213463571994292,1075717.2
Banco Cencosud,2018-07-31,16.89,7.071515078919169,6.425384946723919,1077714.5
Banco Cencosud,2018-08-31,16.77,4.219155684063494,6.187823916674145,1086107.8
Banco Cencosud,2018-09-30,16.36,5.206110371402395,5.998068515250978,1114308.5
Banco Cencosud,2018-10-31,16.05,4.962929841793519,5.7025065904976024,1136668.7
Banco Cencosud,2018-11-30,15.51,5.27663278344751,5.246205670994169,1178365.9
Banco Cencosud,2018-12-31,16.37,6.616230334098973,5.683818195474035,1194396.6
Banco Cencosud,2019-01-31,16.45,5.097006864559458,5.774740973947709,1188756.9
Banco Cencosud,2019-02-28,16.47,7.331851597709689,5.343627599118073,1186850.0
Banco Cencosud,2019-03-31,16.47,7.331851597709689,5.343627599118073,1186850.0
Banco Cencosud,2019-04-30,16.47,7.331851597709689,5.343627599118073,1186850.0
Banco Cencosud,2019-05-31,16.47,7.331851597709689,5.343627599118073,1186850.0
Banco Cencosud,2019-06-30,16.47,7.331851597709689,5.343627599118073,1186850.0
Banco Cencosud,2019-07-31,16.47,7.331851597709689,5.343627599118073,1186850.0
Banco Cencosud,2019-08-31,16.47,7.331851597709689,5.343627599118073,1186850.0
Banco Cencosud,2019-09-30,16.47,7.331851597709689,5.343627599118073,1186850.0
Banco Cencosud,2019-10-31,16.47,7.331851597709689,5.343627599118073,1186850.0
Banco Cencosud,2019-11-30,16.47,7.331851597709689,5.343627599118073,1186850.0
Banco Cencosud,2019-12-31,16.47,7.331851597709689,5.343627599118073,1186850.0
Banco Cencosud,2020-01-31,16.47,7.331851597709689,5.343627599118073,1186850.0
Banco Cencosud,2020-02-29,16.47,7.331851597709689,5.343627599118073,1186850.0
Banco Cencosud,2020-03-31,16.47,7.331851597709689,5.343627599118073,1186850.0
Banco Cencosud,2020-04-30,16.47,7.331851597709689,5.343627599118073,1186850.0
Banco Cencosud,2020-05-31,16.47,7.331851597709689,5.343627599118073,1186850.0
Banco Cencosud,2020-06-30,16.47,7.331851597709689,5.343627599118073,1186850.0
Banco Cencosud,2020-07-31,16.47,7.331851597709689,5.343627599118073,1186850.0
Banco Cencosud,2020-08-31,16.47,7.331851597709689,5.343627599118073,1186850.0
Banco Cencosud,2020-09-30,16.47,7.331851597709689,5.343627599118073,1186850.0
Banco Cencosud,2020-10-31,16.47,7.331851597709689,5.343627599118073,1186850.0
Banco Cencosud,2020-11-30,16.47,7.331851597709689,5.343627599118073,1186850.0
Banco Cencosud,2020-12-31,16.47,7.331851597709689,5.343627599118073,1186850.0
Banco Cencosud,2021-01-31,16.47,7.331851597709689,5.343627599118073,1186850.0
Banco Cencosud,2021-02-28,16.47,7.331851597709689,5.343627599118073,1186850.0
Banco Cencosud,2021-03-31,16.47,7.331851597709689,5.343627599118073,1186850.0
Banco Cencosud,2021-04-30,16.47,7.331851597709689,5.343627599118073,1186850.0
Banco Cencosud,2021-05-31,16.47,7.331851597709689,5.343627599118073,1186850.0
Banco Cencosud,2021-06-30,16.47,7.331851597709689,5.343627599118073,1186850.0
Banco Cencosud,2021-07-31,16.47,7.331851597709689,5.343627599118073,1186850.0
Banco Cencosud,2021-08-31,16.47,7.331851597709689,5.343627599118073,1186850.0
Banco Cencosud,2021-09-30,16.47,7.331851597709689,5.343627599118073,1186850.0
Banco Cencosud,2021-10-31,16.47,7.331851597709689,5.343627599118073,1186850.0
Banco Cencosud,2021-11-30,16.47,7.331851597709689,5.343627599118073,1186850.0
Banco Cencosud,2021-12-31,16.47,7.331851597709689,5.343627599118073,1186850.0
Banco Cencosud,2022-01-31,16.47,7.331851597709689,5.343627599118073,1186850.0
Banco Cencosud,2022-02-28,16.47,7.331851597709689,5.343627599118073,1186850.0
Banco Cencosud,2022-03-31,16.47,7.331851597709689,5.343627599118073,1186850.0
Banco Cencosud,2022-04-30,16.47,7.331851597709689,5.343627599118073,1186850.0
Banco Cencosud,2022-05-31,16.47,7.331851597709689,5.343627599118073,1186850.0
Banco Cencosud,2022-06-30,16.47,7.331851597709689,5.343627599118073,1186850.0
Banco Cencosud,2022-07-31,16.47,7.331851597709689,5.343627599118073,1186850.0
Banco Cencosud,2022-08-31,16.47,7.331851597709689,5.343627599118073,1186850.0
Banco Cencosud,2022-09-30,16.47,7.331851597709689,5.343627599118073,1186850.0
Banco Cencosud,2022-10-31,16.47,7.331851597709689,5.343627599118073,1186850.0
Banco Cencosud,2022-11-30,16.47,7.331851597709689,5.343627599118073,1186850.0
Banco Cencosud,2022-12-31,16.47,7.331851597709689,5.343627599118073,1186850.0
Banco Cencosud,2023-01-31,16.47,7.331851597709689,5.343627599118073,1186850.0
Banco Cencosud,2023-02-28,16.47,7.331851597709689,5.343627599118073,1186850.0
Banco Cencosud,2023-03-31,16.47,7.331851597709689,5.343627599118073,1186850.0
Banco Cencosud,2023-04-30,16.47,7.331851597709689,5.343627599118073,1186850.0
Banco Cencosud,2023-05-31,16.47,7.331851597709689,5.343627599118073,1186850.0
Banco Cencosud,2023-06-30,16.47,7.331851597709689,5.343627599118073,1186850.0
Banco Cencosud,2023-07-31,16.47,7.331851597709689,5.343627599118073,1186850.0
Banco Cencosud,2023-08-31,16.47,7.331851597709689,5.343627599118073,1186850.0
Banco Cencosud,2023-09-30,16.47,7.331851597709689,5.343627599118073,1186850.0
Banco Cencosud,2023-10-31,16.47,7.331851597709689,5.343627599118073,1186850.0
Banco Cencosud,2023-11-30,16.47,7.331851597709689,5.343627599118073,1186850.0
Banco Cencosud,2023-12-31,16.47,7.331851597709689,5.343627599118073,1186850.0
Banco Cencosud,2024-01-31,16.47,7.331851597709689,5.343627599118073,1186850.0
Banco Cencosud,2024-02-29,16.47,7.331851597709689,5.343627599118073,1186850.0
Banco Cencosud,2024-03-31,16.47,7.331851597709689,5.343627599118073,1186850.0
Banco Cencosud,2024-04-30,16.47,7.331851597709689,5.343627599118073,1186850.0
Banco Cencosud,2024-05-31,16.47,7.331851597709689,5.343627599118073,1186850.0
Banco Cencosud,2024-06-30,16.47,7.331851597709689,5.343627599118073,1186850.0
Banco Cencosud,2024-07-31,16.47,7.331851597709689,5.343627599118073,1186850.0
Banco Cencosud,2024-08-31,16.47,7.331851597709689,5.343627599118073,1186850.0
Banco Cencosud,2024-09-30,16.47,7.331851597709689,5.343627599118073,1186850.0
Banco Cencosud,2024-10-31,16.47,7.331851597709689,5.343627599118073,1186850.0
Banco Cencosud,2024-11-30,16.47,7.331851597709689,5.343627599118073,1186850.0
Banco Cencosud,2024-12-31,16.47,7.331851597709689,5.343627599118073,1186850.0
Banco Cencosud,2025-01-31,16.47,7.331851597709689,5.343627599118073,1186850.0
Banco Cencosud,2025-02-28,16.47,7.331851597709689,5.343627599118073,1186850.0
Banco Cencosud,2025-03-31,16.47,7.331851597709689,5.343627599118073,1186850.0
Banco Cencosud,2025-04-30,16.47,7.331851597709689,5.343627599118073,1186850.0
Banco Cencosud,2025-05-31,16.47,7.331851597709689,5.343627599118073,1186850.0
Banco Cencosud,2025-06-30,16.47,7.331851597709689,5.343627599118073,1186850.0
Banco Cencosud,2025-07-31,16.47,7.331851597709689,5.343627599118073,1186850.0
Banco Cencosud,2025-08-31,16.47,7.331851597709689,5.343627599118073,1186850.0
Banco Cencosud,2025-09-30,16.47,7.331851597709689,5.343627599118073,1186850.0
Banco Cencosud,2025-10-31,16.47,7.331851597709689,5.343627599118073,1186850.0
Banco Cencosud,2025-11-30,16.47,7.331851597709689,5.343627599118073,1186850.0
Banco Cencosud,2025-12-31,16.47,7.331851597709689,5.343627599118073,1186850.0
Banco Continental,2018-01-31,14.35,17.71019776271524,2.8743150226462366,62127509.3
Banco Continental,2018-02-28,14.33,15.841674843784743,2.9787154587743787,62438385.50000001
Banco Continental,2018-03-31,14.71,17.15112930208192,3.0227730060228577,62599374.3
Banco Continental,2018-04-30,15.09,18.460583760379098,3.0668305532713367,62760363.099999994
Banco Continental,2018-05-31,14.94,18.86476233518872,3.1514013401120304,63595503.199999996
Banco Continental,2018-06-30,14.79,18.517433103539695,2.948648639698864,64440288.2
Banco Continental,2018-07-31,14.88,17.941472380230916,3.186983918460811,64013779.3
Banco Continental,2018-08-31,15.02,17.782299920861007,3.3523625136553723,63532082.699999996
Banco Continental,2018-09-30,14.72,17.383749382762097,3.0548367269143832,64999925.0
Banco Continental,2018-10-31,14.6,17.422329360630243,3.161314056370849,65952364.300000004
Banco Continental,2018-11-30,14.47,17.294612621842766,3.2268348547889647,66769241.2
Banco Continental,2018-12-31,14.95,17.65859522712156,2.9383011926845595,66829838.3
Banco Continental,2019-01-31,15.01,16.800587675157054,3.0928252233965408,66470360.7
Banco Continental,2019-02-28,15.23,15.318256149772422,3.2211382562774316,65316658.5
Banco Continental,2019-03-31,15.06,16.922268730565033,3.173042381740661,66990226.75
Banco Continental,2019-04-30,14.89,18.526281311357646,3.124946507203891,68663795.0
Banco Continental,2019-05-31,14.89,19.015492443371258,3.3195965405155423,68663795.0
Banco Continental,2019-06-30,14.89,19.015492443371258,3.3195965405155423,68663795.0
Banco Continental,2019-07-31,14.89,19.015492443371258,3.3195965405155423,68663795.0
Banco Continental,2019-08-31,14.89,19.015492443371258,3.3195965405155423,68663795.0
Banco Continental,2019-09-30,14.89,19.015492443371258,3.3195965405155423,68663795.0
Banco Continental,2019-10-31,14.89,19.015492443371258,3.3195965405155423,68663795.0
Banco Continental,2019-11-30,14.89,19.015492443371258,3.3195965405155423,68663795.0
Banco Continental,2019-12-31,14.89,19.015492443371258,3.3195965405155423,68663795.0
Banco Continental,2020-01-31,14.89,19.015492443371258,3.3195965405155423,68663795.0
Banco Continental,2020-02-29,14.89,19.015492443371258,3.3195965405155423,68663795.0
Banco Continental,2020-03-31,14.89,19.015492443371258,3.3195965405155423,68663795.0
Banco Continental,2020-04-30,14.89,19.015492443371258,3.3195965405155423,68663795.0
Banco Continental,2020-05-31,14.89,19.015492443371258,3.3195965405155423,68663795.0
Banco Continental,2020-06-30,14.89,19.015492443371258,3.3195965405155423,68663795.0
Banco Continental,2020-07-31,14.89,19.015492443371258,3.3195965405155423,68663795.0
Banco Continental,2020-08-31,14.89,19.015492443371258,3.3195965405155423,68663795.0
Banco Continental,2020-09-30,14.89,19.015492443371258,3.3195965405155423,68663795.0
Banco Continental,2020-10-31,14.89,19.015492443371258,3.3195965405155423,68663795.0
Banco Continental,2020-11-30,14.89,19.015492443371258,3.3195965405155423,68663795.0
Banco Continental,2020-12-31,14.89,19.015492443371258,3.3195965405155423,68663795.0
Banco Continental,2021-01-31,14.89,19.015492443371258,3.3195965405155423,68663795.0
Banco Continental,2021-02-28,14.89,19.015492443371258,3.3195965405155423,68663795.0
Banco Continental,2021-03-31,14.89,19.015492443371258,3.3195965405155423,68663795.0
Banco Continental,2021-04-30,14.89,19.015492443371258,3.3195965405155423,68663795.0
Banco Continental,2021-05-31,14.89,19.015492443371258,3.3195965405155423,68663795.0
Banco Continental,2021-06-30,14.89,19.015492443371258,3.3195965405155423,68663795.0
Banco Continental,2021-07-31,14.89,19.015492443371258,3.3195965405155423,68663795.0
Banco Continental,2021-08-31,14.89,19.015492443371258,3.3195965405155423,68663795.0
Banco Continental,2021-09-30,14.89,19.015492443371258,3.3195965405155423,68663795.0
Banco Continental,2021-10-31,14.89,19.015492443371258,3.3195965405155423,68663795.0
Banco Continental,2021-11-30,14.89,19.015492443371258,3.3195965405155423,68663795.0
Banco Continental,2021-12-31,14.89,19.015492443371258,3.3195965405155423,68663795.0
Banco Continental,2022-01-31,14.89,19.015492443371258,3.3195965405155423,68663795.0
Banco Continental,2022-02-28,14.89,19.015492443371258,3.3195965405155423,68663795.0
Banco Continental,2022-03-31,14.89,19.015492443371258,3.3195965405155423,68663795.0
Banco Continental,2022-04-30,14.89,19.015492443371258,3.3195965405155423,68663795.0
Banco Continental,2022-05-31,14.89,19.015492443371258,3.3195965405155423,68663795.0
Banco Continental,2022-06-30,14.89,19.015492443371258,3.3195965405155423,68663795.0
Banco Continental,2022-07-31,14.89,19.015492443371258,3.3195965405155423,68663795.0
Banco Continental,2022-08-31,14.89,19.015492443371258,3.3195965405155423,68663795.0
Banco Continental,2022-09-30,14.89,19.015492443371258,3.3195965405155423,68663795.0
Banco Continental,2022-10-31,14.89,19.015492443371258,3.3195965405155423,68663795.0
Banco Continental,2022-11-30,14.89,19.015492443371258,3.3195965405155423,68663795.0
Banco Continental,2022-12-31,14.89,19.015492443371258,3.3195965405155423,68663795.0
Banco Continental,2023-01-31,14.89,19.015492443371258,3.3195965405155423,68663795.0
Banco Continental,2023-02-28,14.89,19.015492443371258,3.3195965405155423,68663795.0
Banco Continental,2023-03-31,14.89,19.015492443371258,3.3195965405155423,68663795.0
Banco Continental,2023-04-30,14.89,19.015492443371258,3.3195965405155423,68663795.0
Banco Continental,2023-05-31,14.89,19.015492443371258,3.3195965405155423,68663795.0
Banco Continental,2023-06-30,14.89,19.015492443371258,3.3195965405155423,68663795.0
Banco Continental,2023-07-31,14.89,19.015492443371258,3.3195965405155423,68663795.0
Banco Continental,2023-08-31,14.89,19.015492443371258,3.3195965405155423,68663795.0
Banco Continental,2023-09-30,14.89,19.015492443371258,3.3195965405155423,68663795.0
Banco Continental,2023-10-31,14.89,19.015492443371258,3.3195965405155423,68663795.0
Banco Continental,2023-11-30,14.89,19.015492443371258,3.3195965405155423,68663795.0
Banco Continental,2023-12-31,14.89,19.015492443371258,3.3195965405155423,68663795.0
Banco Continental,2024-01-31,14.89,19.015492443371258,3.3195965405155423,68663795.0
Banco Continental,2024-02-29,14.89,19.015492443371258,3.3195965405155423,68663795.0
Banco Continental,2024-03-31,14.89,19.015492443371258,3.3195965405155423,68663795.0
Banco Continental,2024-04-30,14.89,19.015492443371258,3.3195965405155423,68663795.0
Banco Continental,2024-05-31,14.89,19.015492443371258,3.3195965405155423,68663795.0
Banco Continental,2024-06-30,14.89,19.015492443371258,3.3195965405155423,68663795.0
Banco Continental,2024-07-31,14.89,19.015492443371258,3.3195965405155423,68663795.0
Banco Continental,2024-08-31,14.89,19.015492443371258,3.3195965405155423,68663795.0
Banco Continental,2024-09-30,14.89,19.015492443371258,3.3195965405155423,68663795.0
Banco Continental,2024-10-31,14.89,19.015492443371258,3.3195965405155423,68663795.0
Banco Continental,2024-11-30,14.89,19.015492443371258,3.3195965405155423,68663795.0
Banco Continental,2024-12-31,14.89,19.015492443371258,3.3195965405155423,68663795.0
Banco Continental,2025-01-31,14.89,19.015492443371258,3.3195965405155423,68663795.0
Banco Continental,2025-02-28,14.89,19.015492443371258,3.3195965405155423,68663795.0
Banco Continental,2025-03-31,14.89,19.015492443371258,3.3195965405155423,68663795.0
Banco Continental,2025-04-30,14.89,19.015492443371258,3.3195965405155423,68663795.0
Banco Continental,2025-05-31,14.89,19.015492443371258,3.3195965405155423,68663795.0
Banco Continental,2025-06-30,14.89,19.015492443371258,3.3195965405155423,68663795.0
Banco Continental,2025-07-31,14.89,19.015492443371258,3.3195965405155423,68663795.0
Banco Continental,2025-08-31,14.89,19.015492443371258,3.3195965405155423,68663795.0
Banco Continental,2025-09-30,14.89,19.015492443371258,3.3195965405155423,68663795.0
Banco Continental,2025-10-31,14.89,19.015492443371258,3.3195965405155423,68663795.0
Banco Continental,2025-11-30,14.89,19.015492443371258,3.3195965405155423,68663795.0
Banco Continental,2025-12-31,14.89,19.015492443371258,3.3195965405155423,68663795.0
Banco Falabella Perú,2018-01-31,17.56,9.994826893833226,8.081852860635887,3807240.7
Banco Falabella Perú,2018-02-28,17.67,9.196192931668637,8.036759435789923,3812203.9000000004
Banco Falabella Perú,2018-03-31,17.36,9.085462619977227,7.771972922955571,3896742.95
Banco Falabella Perú,2018-04-30,17.05,8.974732308285816,7.5071864101212205,3981282.0
Banco Falabella Perú,2018-05-31,16.47,8.939397215245975,7.581421202021016,4132694.6
Banco Falabella Perú,2018-06-30,16.28,8.158913631355933,7.7460538392014655,4180703.7
Banco Falabella Perú,2018-07-31,16.73,9.19909122341232,7.8712595396644724,4057425.6
Banco Falabella Perú,2018-08-31,16.79,9.020647553534845,7.779267110949737,4040672.2
Banco Falabella Perú,2018-09-30,16.7,8.92506058571295,3.614266352695424,4060308.7999999993
Banco Falabella Perú,2018-10-31,16.85,8.736354257516853,3.1456886124032533,4019531.2
Banco Falabella Perú,2018-11-30,17.34,8.533055354409411,3.1234961176432314,4056688.3000000003
Banco Falabella Perú,2018-12-31,17.05,8.917808307632498,2.9724667987086395,4129765.8000000003
Banco Falabella Perú,2019-01-31,17.34,12.4940255242063,2.9507073713836833,4054397.9
Banco Falabella Perú,2019-02-28,17.43,11.382912976399604,2.7664792941435166,4032743.8
Banco Falabella Perú,2019-03-31,16.775,12.354532059715952,2.782535628787846,4222066.199999999
Banco Falabella Perú,2019-04-30,16.12,13.3261511430323,2.7985919634321754,4411388.6
Banco Falabella Perú,2019-05-31,15.97,13.003581714302706,3.0454399763507443,4449140.2
Banco Falabella Perú,2019-06-30,15.92,11.761191180874546,3.0978671215093074,4464540.7
Banco Falabella Perú,2019-07-31,16.13,13.03314543971438,2.9729908601073185,4472533.7
Banco Falabella Perú,2019-08-31,15.95,12.874031571975955,2.884940541527115,4525001.5
Banco Falabella Perú,2019-09-30,15.98,12.33303511824223,2.8832905701289127,4514574.2
Banco Falabella Perú,2019-10-31,15.85,12.152047330276261,2.875179830736312,4553451.600000001
Banco Falabella Perú,2019-11-30,15.4,11.777143117288077,2.8651024053748984,4691564.100000001
Banco Falabella Perú,2019-12-31,15.0,11.872150531634759,2.8499898874200578,4827079.699999999
Banco Falabella Perú,2020-01-31,14.53,7.550139894233497,2.92227632254134,4993237.2
Banco Falabella Perú,2020-02-29,14.5,8.263772015657718,2.9945627576626226,5001390.1
Banco Falabella Perú,2020-03-31,15.190000000000001,5.943288226370104,3.0668491927839048,4800440.35
Banco Falabella Perú,2020-04-30,15.88,3.6228044370824892,3.139135627905187,4599490.6
Banco Falabella Perú,2020-05-31,16.19,-2.9617115875483844,3.211422063026469,4427944.600000001
Banco Falabella Perú,2020-06-30,16.1,-5.804779977923351,3.283708498147752,4306786.7
Banco Falabella Perú,2020-07-31,15.88,-6.162833523242233,3.355994933269034,4330697.9
Banco Falabella Perú,2020-08-31,15.75,-7.134486818522408,3.428281368390316,4307572.199999999
Banco Falabella Perú,2020-09-30,15.16,-9.972057251284738,3.500567803511599,4325824.5
Banco Falabella Perú,2020-10-31,14.85,-11.087169480735232,3.572854238632881,4337050.5
Banco Falabella Perú,2020-11-30,14.11,-12.123700627784137,3.645140673754163,4480356.5
Banco Falabella Perú,2020-12-31,13.78,-12.700433372117907,3.7174271088754454,4516555.5
Banco Falabella Perú,2021-01-31,13.33,-4.379809436198507,3.789713543996728,4635326.4
Banco Falabella Perú,2021-02-28,12.47,-3.364689630830146,3.86199997911801,4940313.5
Banco Falabella Perú,2021-03-31,12.945,-5.137270092570949,3.4356853120784088,5048557.15
Banco Falabella Perú,2021-04-30,13.42,-6.909850554311752,3.009370645038807,5156800.800000001
Banco Falabella Perú,2021-05-31,13.27,-6.5522496717485295,3.2300344865717174,5170451.49
Banco Falabella Perú,2021-06-30,14.7,-6.556926029812724,3.0548838410337873,5238877.52
Banco Falabella Perú,2021-07-31,13.46,-5.457622498508593,2.5975208021946647,5716596.46
Banco Falabella Perú,2021-08-31,13.37,-5.759895377566224,2.313860054385731,5673168.49
Banco Falabella Perú,2021-09-30,13.39,-5.222997454942326,2.071381916911075,5665543.89
Banco Falabella Perú,2021-10-31,14.69,-4.712782019122837,1.8843260636660129,5828805.61
Banco Falabella Perú,2021-11-30,14.55,-4.425934676486193,1.746298345244574,5888012.640000001
Banco Falabella Perú,2021-12-31,14.23,-5.067320439211014,1.735241939035518,5974276.49
Banco Falabella Perú,2022-01-31,15.09,9.219180730220149,1.8189443092929938,6033494.1
Banco Falabella Perú,2022-02-28,14.85,11.406281822526607,1.873358087959345,6137048.15
Banco Falabella Perú,2022-03-31,14.445,8.3113028460532,1.9722648005911263,6310999.529999999
Banco Falabella Perú,2022-04-30,14.04,5.216323869579793,2.0711715132229074,6484950.909999999
Banco Falabella Perú,2022-05-31,14.33,4.4691129683508475,2.4274854682366858,6538449.49
Banco Falabella Perú,2022-06-30,14.43,3.4222743346275544,2.652080780943003,6568224.78
Banco Falabella Perú,2022-07-31,15.22,3.4354903328214474,3.02216804322569,6220212.97
Banco Falabella Perú,2022-08-31,15.44,4.526936190978519,3.276212119895394,6137710.109999999
Banco Falabella Perú,2022-09-30,15.52,3.197260663122386,3.5984799315922626,6099645.48
Banco Falabella Perú,2022-10-31,15.3,2.115954241540329,3.7224334801602956,6186683.0200000005
Banco Falabella Perú,2022-11-30,15.36,1.9140363549687682,3.860370258533857,6185965.090000001
Banco Falabella Perú,2022-12-31,15.33,1.7897232264560323,4.132407401415586,6197260.4
Banco Falabella Perú,2023-01-31,18.57,0.29408572502020225,4.5856361618296,4513640.46069
Banco Falabella Perú,2023-02-28,18.92,0.8236660012606114,4.639046078931379,4497156.57766
Banco Falabella Perú,2023-03-31,18.57,-2.478275999215859,4.9659379831885575,4516688.709075
Banco Falabella Perú,2023-04-30,18.22,-5.780217999692329,5.292829887445736,4536220.84049
Banco Falabella Perú,2023-05-31,18.38,-4.186694490390928,6.078591178446158,4479476.77283
Banco Falabella Perú,2023-06-30,18.025396876970113,-5.680915091064014,6.435512376401125,4492299.71055
Banco Falabella Perú,2023-07-31,18.15768902304545,-4.87654965231622,6.69251982741056,4478271.00407
Banco Falabella Perú,2023-08-31,18.26488985217621,-5.588982342916864,6.582053511658767,4399121.56959
Banco Falabella Perú,2023-09-30,18.544592400749902,-3.9153720829232435,6.64874542291307,4394217.15441
Banco Falabella Perú,2023-10-31,18.491451155382205,-4.734647952446499,6.690222984941458,4348169.62439
Banco Falabella Perú,2023-11-30,18.569414110589026,-5.3112841916776325,6.9165615666661004,4307320.73761
Banco Falabella Perú,2023-12-31,18.38111500047688,-5.009981166229119,7.031498992549048,4373024.00238
Banco Falabella Perú,2024-01-31,18.584166557139373,-0.5571730203704409,6.541395606662624,4291395.12079
Banco Falabella Perú,2024-02-29,18.8756529918444,0.01603999105314698,6.259336936159839,4211281.63648
Banco Falabella Perú,2024-03-31,18.844056058426215,0.524993971836044,6.218291588279973,4238072.5054
Banco Falabella Perú,2024-04-30,18.81245912500803,1.033947952618941,6.177246240400107,4264863.3743199995
Banco Falabella Perú,2024-05-31,19.176373837847965,2.000778455121778,6.4389769717156975,4252848.27993
Banco Falabella Perú,2024-06-30,19.01920087733406,2.5995391345269887,6.3931180477376754,4430458.649809999
Banco Falabella Perú,2024-07-31,20.480120830600782,6.32722211304274,6.102120575039492,4259782.0603
Banco Falabella Perú,2024-08-31,21.312367182379255,7.462887100179263,4.790852342084445,4188968.0344499997
Banco Falabella Perú,2024-09-30,21.42879503202555,7.39366105032613,4.353789272594765,4215690.20676
Banco Falabella Perú,2024-10-31,21.27125128267314,7.778044208523823,3.5900431151479215,4255429.09298
Banco Falabella Perú,2024-11-30,21.009500376852667,8.128275772388779,3.4096361135471223,4398189.94708
Banco Falabella Perú,2024-12-31,20.98301219535806,8.281204363631831,3.2627528414962117,4524603.64693
Banco Falabella Perú,2025-01-31,21.56464230438661,20.219173048445334,3.4478183081399565,4464795.11807
Banco Falabella Perú,2025-02-28,22.117224211859156,19.211902346553224,3.529136217355843,4459051.78092
Banco Falabella Perú,2025-03-31,22.465737868070732,18.941304312858602,3.508327001787155,4472769.36634
Banco Falabella Perú,2025-04-30,22.81425152428231,18.67070627916398,3.487517786218467,4486486.95176
Banco Falabella Perú,2025-05-31,23.054576328633203,19.309896716993915,3.6280045533291587,4559328.150760001
Banco Falabella Perú,2025-06-30,23.207674896838082,18.68319796432707,3.3899002396925213,4624957.6766800005
Banco Falabella Perú,2025-07-31,23.774729034997147,18.853944594408645,3.2692318571513876,4632132.44721
Banco Falabella Perú,2025-08-31,24.117135977856684,18.07689250228011,3.2286671762728334,4653286.0822600005
Banco Falabella Perú,2025-09-30,24.479017359427715,16.649084349239452,3.063616449062666,4644680.3749
Banco Falabella Perú,2025-10-31,24.704365138293777,16.34867097262845,3.0185220783297497,4682481.4834
Banco Falabella Perú,2025-11-30,24.35539535252503,15.656315840731894,3.0586680332636678,4828972.46782
Banco Falabella Perú,2025-12-31,24.345413778607345,14.872010745009234,2.9035662356346057,4907120.2930499995
Banco GNB,2018-01-31,13.74,8.769017968994936,2.927624270043506,5294171.3
Banco GNB,2018-02-28,14.37,7.614759969199593,2.8646831517459774,5325053.8
Banco GNB,2018-03-31,14.52,9.171122499737121,2.8757487931177095,5269699.199999999
Banco GNB,2018-04-30,14.67,10.72748503027465,2.8868144344894415,5214344.6
Banco GNB,2018-05-31,14.73,10.29812278576658,2.7814211328640726,5200982.100000001
Banco GNB,2018-06-30,14.61,8.972266796485528,2.9419688418757164,5239637.8
Banco GNB,2018-07-31,14.62,8.647482604569989,3.004855944628635,5239862.4
Banco GNB,2018-08-31,14.44,8.403253002283083,3.234746698411163,5310185.4
Banco GNB,2018-09-30,14.2,7.934828069414107,3.2430840092347735,5404256.600000001
Banco GNB,2018-10-31,14.11,7.766452225173939,3.3991079874429917,5450451.699999999
Banco GNB,2018-11-30,14.05,7.627038597029645,2.7419499299456698,5480770.2
Banco GNB,2018-12-31,12.93,7.806160171302297,2.63060047503433,5433969.699999999
Banco GNB,2019-01-31,12.78,8.984790575145494,2.7917761822343783,5498247.800000001
Banco GNB,2019-02-28,14.89,8.540829701957744,2.6305009291114585,5459148.399999999
Banco GNB,2019-03-31,14.84,8.378829111552555,2.5572120116176067,5500329.4
Banco GNB,2019-04-30,14.79,8.216828521147368,2.483923094123755,5541510.4
Banco GNB,2019-05-31,14.77,8.167815078009017,2.670045068377695,5557871.0
Banco GNB,2019-06-30,14.59,8.060560804874575,2.691311737053733,5614792.9
Banco GNB,2019-07-31,14.64,7.975360363229068,2.785062583084017,5620946.699999999
Banco GNB,2019-08-31,14.51,7.897331677106181,3.8662152830438252,5681851.0
Banco GNB,2019-09-30,14.59,7.838099416651676,3.9016766971424035,5655687.3
Banco GNB,2019-10-31,13.32,8.016799559408081,3.8429437931486428,5748773.8999999985
Banco GNB,2019-11-30,13.63,7.966256151726826,4.17331214716162,5628741.5
Banco GNB,2019-12-31,14.85,5.655177515883005,4.288629971203794,5480057.7
Banco GNB,2020-01-31,15.02,7.855812753411915,4.259941790892333,5459988.399999999
Banco GNB,2020-02-29,15.46,7.887726221481323,4.231253610580874,5537779.100000001
Banco GNB,2020-03-31,15.600000000000001,7.065602113679056,4.202565430269413,5485572.45
Banco GNB,2020-04-30,15.74,6.2434780058767885,4.173877249957953,5433365.8
Banco GNB,2020-05-31,16.01,5.51830464883364,4.145189069646492,5367825.4
Banco GNB,2020-06-30,16.31,5.058166401043282,4.116500889335032,5287823.0
Banco GNB,2020-07-31,16.91,4.982337149878375,4.087812709023572,5105538.7
Banco GNB,2020-08-31,17.23,4.869256848698965,4.059124528712111,5016338.600000001
Banco GNB,2020-09-30,17.13,4.362245431868743,4.030436348400651,5051158.0
Banco GNB,2020-10-31,17.37,4.0602764794669985,4.001748168089191,4993054.199999999
Banco GNB,2020-11-30,16.57,4.014836547361276,3.9730599877777304,5004026.2
Banco GNB,2020-12-31,17.44,0.681314768091664,3.94437180746627,4838580.1
Banco GNB,2021-01-31,16.7,4.108803047463978,3.9156836271548094,5046368.8
Banco GNB,2021-02-28,17.65,4.49641385738542,3.886995446843349,4790563.9
Banco GNB,2021-03-31,17.775,4.682078998184652,4.046754763858825,4750346.6899999995
Banco GNB,2021-04-30,17.9,4.867744138983883,4.206514080874301,4710129.4799999995
Banco GNB,2021-05-31,17.58,5.146133758545523,4.035559198032531,4800124.369999999
Banco GNB,2021-06-30,17.55,4.802397702140601,4.079575356235879,4808589.529999999
Banco GNB,2021-07-31,17.72,4.6076863413944995,4.332085591807698,4811422.210000001
Banco GNB,2021-08-31,17.7,4.570158239065984,4.19453912185509,4830444.710000001
Banco GNB,2021-09-30,17.72,4.540823133803829,4.145004609886148,4828431.89
Banco GNB,2021-10-31,17.18,4.5060554050545925,4.186029115281443,4906016.110000001
Banco GNB,2021-11-30,17.09,4.482578319323735,4.4460337094892655,4942809.0600000005
Banco GNB,2021-12-31,16.76,4.153548419623212,4.208286040276339,4891099.64
Banco GNB,2022-01-31,16.67,4.170981740012557,4.19535160191538,4908741.93
Banco GNB,2022-02-28,16.1,2.2140148905069506,4.217277860139221,5028767.8100000005
Banco GNB,2022-03-31,16.185000000000002,3.0543088153798865,4.165985552251855,5120740.880000001
Banco GNB,2022-04-30,16.27,3.8946027402528225,4.114693244364489,5212713.95
Banco GNB,2022-05-31,16.39,3.882987151097767,4.1501431703561025,5172408.049999999
Banco GNB,2022-06-30,15.88,3.8896724432924468,3.927406044491482,5356132.46
Banco GNB,2022-07-31,15.88,3.8966639202971316,3.826545945294297,5364840.62
Banco GNB,2022-08-31,16.04,3.8240528848934625,3.72843669216901,5329666.03
Banco GNB,2022-09-30,15.95,3.886237381902592,3.6725956952176455,5372674.410000001
Banco GNB,2022-10-31,15.620000000000001,4.115754978806343,3.7881927716526147,5227380.959999999
Banco GNB,2022-11-30,15.68,4.1678608230659915,3.7357150357752937,5199554.06
Banco GNB,2022-12-31,15.95,4.405506300784039,3.7279859352871663,5092228.279999999
Banco GNB,2023-01-31,16.82,2.229479794820994,3.7079941437226696,4887885.78781
Banco GNB,2023-02-28,17.22,1.2308114854928218,3.9068246209694153,4776992.93594
Banco GNB,2023-03-31,17.465,1.3543138281235665,4.088317330329345,4692054.01943
Banco GNB,2023-04-30,17.71,1.4778161707543112,4.2698100396892755,4607115.10292
Banco GNB,2023-05-31,17.73,1.5852335034634557,4.024907921014754,4608352.437939999
Banco GNB,2023-06-30,17.856601928551132,1.7103232841155416,3.985251941577577,4576323.703930001
Banco GNB,2023-07-31,17.910456262984955,1.8222954460465641,3.927041514504907,4566202.230690001
Banco GNB,2023-08-31,17.194621758124484,1.9470271887804762,3.6242568047868198,4780627.16355
Banco GNB,2023-09-30,16.606579761745877,1.950918081753783,3.5915570016838885,4966273.52212
Banco GNB,2023-10-31,16.210627872191246,2.029699725911057,3.359378682172151,5049970.75722
Banco GNB,2023-11-30,15.314387621247526,2.1848094451553512,3.238932069345072,5221995.84397
Banco GNB,2023-12-31,15.419892898331042,2.6530960737488893,3.4179815166621204,5162855.296939999
Banco GNB,2024-01-31,15.20160005440469,2.4116049117871095,3.309862593078395,5250136.6194
Banco GNB,2024-02-29,15.143625291238347,2.037175623968541,3.4096959734323113,5253021.67049
Banco GNB,2024-03-31,14.92518280506215,3.2031965260475666,3.349997916381509,5320708.052855
Banco GNB,2024-04-30,14.706740318885952,4.369217428126592,3.2902998593307067,5388394.435219999
Banco GNB,2024-05-31,14.551127684923951,5.04661754791431,3.327708206356871,5352883.6262
Banco GNB,2024-06-30,14.534122360964128,5.026161723698749,3.318789825708595,5388987.57456
Banco GNB,2024-07-31,14.829160236438844,4.967661364787664,3.1652322201458305,5304374.156529999
Banco GNB,2024-08-31,14.596671585977386,5.7947290109146055,3.0711799219715146,5469397.858519999
Banco GNB,2024-09-30,14.359130360766875,5.508574401335572,3.049985939768873,5573670.45445
Banco GNB,2024-10-31,14.516381891639416,5.907535399512561,2.8647937379167163,5589617.175170001
Banco GNB,2024-11-30,14.571205280278793,5.9003893518989114,2.988054167864193,5622230.50708
Banco GNB,2024-12-31,14.795360816688301,5.621202639977722,2.6859057809741564,5554048.431059998
Banco GNB,2025-01-31,14.96609273161602,5.139592047008729,2.9829183569707656,5523957.41284
Banco GNB,2025-02-28,14.970598306424746,4.265815530942748,2.830785323950464,5540209.90418
Banco GNB,2025-03-31,14.679983069802809,4.440011642713136,2.719419565205291,5670755.526765
Banco GNB,2025-04-30,14.389367833180872,4.614207754483524,2.6080538064601173,5801301.14935
Banco GNB,2025-05-31,14.393343537894543,4.691125265784074,2.545458564897458,5816294.69857
Banco GNB,2025-06-30,14.566084296944965,4.865321470089109,2.537837830488563,5779203.45531
Banco GNB,2025-07-31,14.481137696569146,5.388802675882397,2.480738435548495,5884502.02416
Banco GNB,2025-08-31,14.270436533535378,5.814383144346551,2.441545881022876,6012945.300949999
Banco GNB,2025-09-30,13.523498820065669,6.551196614655952,2.2991153380585447,6120912.903460001
Banco GNB,2025-10-31,13.46862465781395,7.051616496615443,2.3943971448967516,6126247.22125
Banco GNB,2025-11-30,13.285429300282809,7.421751704757066,2.366526144883687,6282847.593749999
Banco GNB,2025-12-31,14.034866666009782,7.749029609986439,2.3147189613568764,6243632.4445899995
Banco ICBC,2018-01-31,59.07,-10.915766242789003,0.0,252390.9
Banco ICBC,2018-02-28,46.5,-10.656287765323448,0.0,318221.3
Banco ICBC,2018-03-31,44.120000000000005,-10.89173612955009,0.0,325448.15
Banco ICBC,2018-04-30,41.74,-11.12718449377673,0.0,332675.0
Banco ICBC,2018-05-31,60.26,-4.550802222901954,0.0,514768.6
Banco ICBC,2018-06-30,63.73,-3.6385707113925325,0.0,489134.5
Banco ICBC,2018-07-31,55.58,-4.486286201539784,0.0,561907.8
Banco ICBC,2018-08-31,57.84,-3.5654531844702757,0.0,542043.7
Banco ICBC,2018-09-30,55.23,-3.1074529760997325,0.0,566139.5999999999
Banco ICBC,2018-10-31,58.82,-2.1074889605846234,0.0,530072.0999999999
Banco ICBC,2018-11-30,48.64,-2.5339707682103896,0.0,647112.1
Banco ICBC,2018-12-31,43.26,-2.634291874412175,0.0,729445.8
Banco ICBC,2019-01-31,42.85,-3.1378119518544607,0.0,737421.9
Banco ICBC,2019-02-28,38.98,-5.893090916329408,0.0,807710.2000000001
Banco ICBC,2019-03-31,39.33,-2.358568893997159,0.0,808924.15
Banco ICBC,2019-04-30,39.68,1.1759531283350901,0.0,810138.1
Banco ICBC,2019-05-31,38.44,2.574017338976,0.0,846483.4000000001
Banco ICBC,2019-06-30,43.23,4.169909392253554,0.0,749669.5
Banco ICBC,2019-07-31,41.3,3.517168864339195,0.0,786205.3999999999
Banco ICBC,2019-08-31,42.28,3.956816806980676,0.0,770535.5
Banco ICBC,2019-09-30,39.57,3.937943471945038,0.0,822372.0
Banco ICBC,2019-10-31,44.51,2.8071792499724406,0.0,882792.8
Banco ICBC,2019-11-30,37.93,3.3342616244274406,0.0,1042546.6999999998
Banco ICBC,2019-12-31,37.17,3.6440973467391933,0.0,1060203.2
Banco ICBC,2020-01-31,38.48,9.095594143625318,0.0,1059382.5
Banco ICBC,2020-02-29,38.38,18.41538410463494,0.0,1067198.1
Banco ICBC,2020-03-31,36.64,13.306320964622456,0.0,1120068.3
Banco ICBC,2020-04-30,34.9,8.197257824609974,0.0,1172938.5
Banco ICBC,2020-05-31,38.13,10.641844156548899,0.0,1074511.3
Banco ICBC,2020-06-30,35.17,11.255881309248231,0.0,1171784.2
Banco ICBC,2020-07-31,34.19,9.760301757651487,0.0,1206969.7
Banco ICBC,2020-08-31,37.84,9.054838884652641,0.0,1148428.7
Banco ICBC,2020-09-30,38.72,9.138696984860301,0.0,1132246.7000000002
Banco ICBC,2020-10-31,40.52,8.533793080744607,0.0,1084718.2999999998
Banco ICBC,2020-11-30,39.34,8.55875695582731,0.0,1125582.1
Banco ICBC,2020-12-31,38.64,8.193878621988793,0.0,1151445.9000000001
Banco ICBC,2021-01-31,36.33,1.9216642578560768,0.0,1228053.0
Banco ICBC,2021-02-28,37.37,8.193317337022275,0.0,1191592.1
Banco ICBC,2021-03-31,38.07,8.14357994025362,0.0,1173041.5350000001
Banco ICBC,2021-04-30,38.77,8.093842543484966,0.0,1154490.97
Banco ICBC,2021-05-31,34.06,6.596135402739437,0.0,1322324.08
Banco ICBC,2021-06-30,33.51,7.260515784071281,0.0,1348404.36
Banco ICBC,2021-07-31,32.04,7.490720427813352,0.0,1421531.76
Banco ICBC,2021-08-31,31.8,7.8010705354390435,0.0,1435484.8900000001
Banco ICBC,2021-09-30,32.9,7.76583065028557,0.0,1388102.27
Banco ICBC,2021-10-31,31.8,6.134827276405719,0.0,1431713.5
Banco ICBC,2021-11-30,30.05,6.904780704210559,0.0,1520326.6300000001
Banco ICBC,2021-12-31,32.18,6.940873538786213,0.0,1411154.4800000002
Banco ICBC,2022-01-31,30.8,-4.378836516561492,0.0,1463730.78
Banco ICBC,2022-02-28,32.89,-1.9246761188926147,0.0,1362699.49
Banco ICBC,2022-03-31,31.5,1.456846550215511,0.0,1434401.3900000001
Banco ICBC,2022-04-30,30.11,4.838369219323637,0.0,1506103.29
Banco ICBC,2022-05-31,31.66,4.959152897677255,0.0,1438454.62
Banco ICBC,2022-06-30,32.74,8.713351148064573,0.0,1417794.09
Banco ICBC,2022-07-31,31.09,9.346973413722342,0.0,1508150.89
Banco ICBC,2022-08-31,29.04,10.140901438092547,0.0,1644171.1400000004
Banco ICBC,2022-09-30,29.38,11.547319411371253,0.0,1645282.9100000001
Banco ICBC,2022-10-31,28.41,12.08788770823197,0.0,1703328.1799999997
Banco ICBC,2022-11-30,29.93,11.868293485105857,0.0,1604505.1899999997
Banco ICBC,2022-12-31,30.47,12.426623557871844,0.0,1572373.6600000004
Banco ICBC,2023-01-31,30.85,19.931634839289817,0.0,1654909.39216
Banco ICBC,2023-02-28,31.96,16.7848980561537,0.0,1614354.8286300004
Banco ICBC,2023-03-31,33.400000000000006,14.326383101142532,0.0,1557493.9485950002
Banco ICBC,2023-04-30,34.84,11.867868146131364,0.0,1500633.06856
Banco ICBC,2023-05-31,35.22,10.626203560181184,0.0,1494588.57623
Banco ICBC,2023-06-30,37.36468725186986,9.844019950719456,0.0,1422741.21688
Banco ICBC,2023-07-31,36.96199930043794,9.33825820364585,0.0,1445847.4104400002
Banco ICBC,2023-08-31,35.48516651162676,9.980671635135623,0.0,1528788.87305
Banco ICBC,2023-09-30,36.51756399481321,10.544272031691946,0.0,1502455.8627100002
Banco ICBC,2023-10-31,38.08754390544867,10.76749634995982,0.0,1449108.45896
Banco ICBC,2023-11-30,39.239644130098625,11.44148659332692,0.0,1431238.9107300001
Banco ICBC,2023-12-31,39.81580410179603,11.137293684110903,0.0,1421955.77726
Banco ICBC,2024-01-31,40.07129442361375,11.554518974276021,0.0,1437119.5917399998
Banco ICBC,2024-02-29,39.76749836635612,10.301120640265752,0.2251882865530664,1456238.5029300002
Banco ICBC,2024-03-31,39.78018284989098,8.67503543701002,0.9740636254442827,1455430.49414
Banco ICBC,2024-04-30,39.79286733342583,7.048950233754287,1.7229389643354989,1454622.4853500002
Banco ICBC,2024-05-31,41.89034626539499,7.040249905071374,1.7807815366239557,1391729.9739599999
Banco ICBC,2024-06-30,38.89081258790125,6.8236727196780675,1.722099826860788,1511988.76491
Banco ICBC,2024-07-31,36.78034743127373,6.15687597216042,1.4578240611952469,1602399.8287699998
Banco ICBC,2024-08-31,36.94493542500574,6.821118812028207,1.3489084023733675,1618326.31467
Banco ICBC,2024-09-30,38.205147401184774,7.01026033284317,1.4317239523522904,1576979.9635300003
Banco ICBC,2024-10-31,39.437373995220234,7.188756376297375,1.4658658432485279,1534386.42997
Banco ICBC,2024-11-30,40.582329766541946,7.1948958228322795,1.2340952002794228,1500415.97645
Banco ICBC,2024-12-31,40.770825395056534,7.519443317333156,0.9771839620273679,1517751.8229900002
Banco ICBC,2025-01-31,43.4121196745389,5.898062643956855,1.4715571377044288,1425733.21342
Banco ICBC,2025-02-28,41.486187435067976,3.9311949822245076,1.389368044201686,1497320.15169
Banco ICBC,2025-03-31,41.02446362110241,3.663127286827004,1.3494949675574466,1519848.880295
Banco ICBC,2025-04-30,40.56273980713684,3.3950595914295008,1.3096218909132071,1542377.6088999999
Banco ICBC,2025-05-31,38.882728509867945,3.2713816153100166,1.2000114628370167,1614610.3382800003
Banco ICBC,2025-06-30,38.34074828209103,4.348586673880135,1.1333604101070414,1644700.1848900001
Banco ICBC,2025-07-31,37.48986147094583,4.273571604211384,1.1244367894797163,1693798.5332
Banco ICBC,2025-08-31,37.06916145842352,4.326846779231058,1.1016512158228509,1716956.30355
Banco ICBC,2025-09-30,37.89756944499942,4.813653624942857,1.0910398075690169,1689262.8389599998
Banco ICBC,2025-10-31,38.677376079206404,4.594283804425572,1.1094142496439408,1653862.3742099998
Banco ICBC,2025-11-30,37.77421492759056,4.512175548228129,1.0180390369820551,1702151.7191700002
Banco ICBC,2025-12-31,40.55719242504205,4.466907453204034,1.1323625316335322,1581236.63806
Banco Interamericano de Finanzas,2018-01-31,13.16,9.777400932216986,3.166167306435287,11853265.0
Banco Interamericano de Finanzas,2018-02-28,13.0,9.029495696456264,3.166167306435287,12097979.8
Banco Interamericano de Finanzas,2018-03-31,12.955,9.1944845793179,3.166167306435287,12187109.850000001
Banco Interamericano de Finanzas,2018-04-30,12.91,9.359473462179535,3.166167306435287,12276239.9
Banco Interamericano de Finanzas,2018-05-31,12.79,10.044150986159476,3.0629537005024607,12490021.100000001
Banco Interamericano de Finanzas,2018-06-30,12.71,10.17888826600241,3.0063878853417387,12577970.9
Banco Interamericano de Finanzas,2018-07-31,13.02,10.199260448398329,3.118037006583356,12239451.299999999
Banco Interamericano de Finanzas,2018-08-31,12.97,10.406864368119978,3.075318949514318,12346322.700000003
Banco Interamericano de Finanzas,2018-09-30,13.01,10.456778761389709,3.0712651930352965,12362704.200000001
Banco Interamericano de Finanzas,2018-10-31,13.11,10.545911129450712,3.1665047285158168,12375190.0
Banco Interamericano de Finanzas,2018-11-30,13.09,10.671850542428706,3.1454933607968187,12472913.200000003
Banco Interamericano de Finanzas,2018-12-31,13.35,10.93906740331191,2.918860425140436,12280405.799999999
Banco Interamericano de Finanzas,2019-01-31,12.68,11.714711237026489,3.0223744563756516,12784127.5
Banco Interamericano de Finanzas,2019-02-28,13.6,10.55975239594075,2.979715134509585,12645538.5
Banco Interamericano de Finanzas,2019-03-31,13.71,10.902270536701295,2.896782639992733,12637599.3
Banco Interamericano de Finanzas,2019-04-30,13.82,11.24478867746184,2.813850145475881,12629660.1
Banco Interamericano de Finanzas,2019-05-31,13.65,11.682528906201075,2.932367752395105,12919295.0
Banco Interamericano de Finanzas,2019-06-30,13.9,11.738947275032775,2.9012484171026154,12498646.100000001
Banco Interamericano de Finanzas,2019-07-31,13.45,12.220987085847302,2.9135062228135635,13033088.7
Banco Interamericano de Finanzas,2019-08-31,13.78,12.81451800597591,2.8539967339572248,12853239.100000001
Banco Interamericano de Finanzas,2019-09-30,13.91,13.178800390789537,2.8479416131844766,12809307.8
Banco Interamericano de Finanzas,2019-10-31,14.5,13.294702227173074,2.9248126401986507,12931812.8
Banco Interamericano de Finanzas,2019-11-30,14.38,13.328418294356451,2.921559699745207,13190758.8
Banco Interamericano de Finanzas,2019-12-31,14.62,12.884380294612665,2.869938376027374,13020628.3
Banco Interamericano de Finanzas,2020-01-31,13.72,14.402757111644258,2.901009848406056,13926984.299999997
Banco Interamericano de Finanzas,2020-02-29,13.78,13.04803942574595,2.932081320784738,13989529.000000002
Banco Interamericano de Finanzas,2020-03-31,13.825,11.233035397367699,2.96315279316342,14066807.65
Banco Interamericano de Finanzas,2020-04-30,13.87,9.418031368989448,2.994224265542102,14144086.299999999
Banco Interamericano de Finanzas,2020-05-31,13.88,8.880171929134583,3.025295737920784,14176609.1
Banco Interamericano de Finanzas,2020-06-30,13.88,8.105968980806336,3.056367210299466,14101925.2
Banco Interamericano de Finanzas,2020-07-31,14.1,7.4356743011630435,3.087438682678148,13871618.900000002
Banco Interamericano de Finanzas,2020-08-31,13.9,7.002171927310003,3.1185101550568297,14120213.799999999
Banco Interamericano de Finanzas,2020-09-30,13.67,6.49447068753554,3.149581627435512,14383655.899999999
Banco Interamericano de Finanzas,2020-10-31,13.72,6.198757560522063,3.1806530998141938,14395089.7
Banco Interamericano de Finanzas,2020-11-30,13.52,5.62581660238546,3.211724572192876,14618331.0
Banco Interamericano de Finanzas,2020-12-31,14.01,4.914007406893067,3.242796044571558,14493782.7
Banco Interamericano de Finanzas,2021-01-31,13.84,9.575053638747995,3.27386751695024,14730494.8
Banco Interamericano de Finanzas,2021-02-28,13.96,8.95367689539298,3.304938989328922,14665164.2
Banco Interamericano de Finanzas,2021-03-31,13.84,9.540957579408122,3.1821981588940456,14825840.590000002
Banco Interamericano de Finanzas,2021-04-30,13.72,10.128238263423265,3.0594573284591693,14986516.980000004
Banco Interamericano de Finanzas,2021-05-31,13.34,9.954729568126943,2.987658863402991,15508486.620000001
Banco Interamericano de Finanzas,2021-06-30,13.49,10.01846875795031,2.9698010130828503,15456714.620000001
Banco Interamericano de Finanzas,2021-07-31,13.56,10.789000299677962,2.9447194440397717,15514227.440000001
Banco Interamericano de Finanzas,2021-08-31,13.84,11.234786219116401,3.1585164075039467,15269410.599999998
Banco Interamericano de Finanzas,2021-09-30,13.64,11.39229036474194,3.0368254918318263,15635211.200000003
Banco Interamericano de Finanzas,2021-10-31,13.74,11.42942138429813,3.0783360748371646,15509371.849999998
Banco Interamericano de Finanzas,2021-11-30,13.63,11.441739457496686,3.1207410793197763,15830216.41
Banco Interamericano de Finanzas,2021-12-31,13.7,11.296589410686025,2.93592883968009,15623411.250000002
Banco Interamericano de Finanzas,2022-01-31,13.47,11.284917876976296,3.2659470825537045,15872431.619999997
Banco Interamericano de Finanzas,2022-02-28,13.66,10.657909604753725,3.5025462720756115,15676169.87
Banco Interamericano de Finanzas,2022-03-31,13.49,10.841160389321496,3.4788295435832146,15937413.114999998
Banco Interamericano de Finanzas,2022-04-30,13.32,11.024411173889268,3.4551128150908177,16198656.36
Banco Interamericano de Finanzas,2022-05-31,13.37,11.177144586484467,3.6077534289001743,16134202.180000003
Banco Interamericano de Finanzas,2022-06-30,13.16,11.196638919923553,3.7316645839074667,16559234.34
Banco Interamericano de Finanzas,2022-07-31,13.14,11.28212371008661,3.6793216113295384,16789047.23
Banco Interamericano de Finanzas,2022-08-31,13.22,11.206692404856168,3.598733955834542,16752432.700000003
Banco Interamericano de Finanzas,2022-09-30,13.19,11.374320171009698,3.4329593999883077,16975018.130000003
Banco Interamericano de Finanzas,2022-10-31,14.1,11.50874735714248,3.524750899998214,17053932.259999998
Banco Interamericano de Finanzas,2022-11-30,13.98,11.53023363778618,3.4630613013774756,17108006.82
Banco Interamericano de Finanzas,2022-12-31,14.02,11.254547156085795,3.4449129839595956,16941952.06
Banco Interamericano de Finanzas,2023-01-31,14.32,12.483226501056967,3.590492899553243,16343439.02574
Banco Interamericano de Finanzas,2023-02-28,14.44,10.836424348004503,3.6353692307455296,16292718.37544
Banco Interamericano de Finanzas,2023-03-31,14.34,11.114580906747175,3.6669293440520363,16266884.014445
Banco Interamericano de Finanzas,2023-04-30,14.24,11.39273746548985,3.6984894573585434,16241049.653450001
Banco Interamericano de Finanzas,2023-05-31,14.27,11.233440376032046,3.831286050514048,16273106.37332
Banco Interamericano de Finanzas,2023-06-30,14.102299714642639,11.108500958295298,3.83413568655231,16573064.181480002
Banco Interamericano de Finanzas,2023-07-31,14.632666741377761,10.97614081517506,3.933889042073465,16556847.154849999
Banco Interamericano de Finanzas,2023-08-31,14.578732326529417,10.939781455482084,3.5617558326906495,16800888.17937
Banco Interamericano de Finanzas,2023-09-30,14.415639026573226,11.017298011854136,3.6402749549512627,17067827.14485
Banco Interamericano de Finanzas,2023-10-31,14.174644425533616,11.058922534808914,3.667126780493938,17419497.547369998
Banco Interamericano de Finanzas,2023-11-30,14.522858823862638,10.818535240886282,3.571419708114277,17359117.42093
Banco Interamericano de Finanzas,2023-12-31,14.655883922865979,10.328452077241222,3.5141344159362182,17217872.500469998
Banco Interamericano de Finanzas,2024-01-31,14.691127101990778,10.025118599789941,3.6669177917595657,17351244.91422
Banco Interamericano de Finanzas,2024-02-29,14.489824963191907,8.804764737726396,3.9610681533016763,17615277.97924
Banco Interamericano de Finanzas,2024-03-31,14.353482774906508,9.200376040065972,4.094187307823717,17745597.246935003
Banco Interamericano de Finanzas,2024-04-30,14.21714058662111,9.59598734240555,4.227306462345759,17875916.51463
Banco Interamericano de Finanzas,2024-05-31,14.326214386008862,9.675814440346453,4.258613751362645,17621614.40592
Banco Interamericano de Finanzas,2024-06-30,14.116662550473544,9.942871502035612,4.283891606027279,18124878.469869997
Banco Interamericano de Finanzas,2024-07-31,14.376174910246062,10.003090243442646,4.209843823761187,17892515.79986
Banco Interamericano de Finanzas,2024-08-31,14.45457850409412,10.072667188489062,4.163415679740788,17961268.73887
Banco Interamericano de Finanzas,2024-09-30,14.604310792970999,10.12194497804255,4.13260501970389,17901614.69094
Banco Interamericano de Finanzas,2024-10-31,14.30394979237091,10.40625855278474,4.1145052396015,18082963.65552
Banco Interamericano de Finanzas,2024-11-30,14.49551232046431,10.484283988100678,3.9607809289897276,17952618.9029
Banco Interamericano de Finanzas,2024-12-31,14.947826906019898,10.44850333304625,3.843880167919287,18025890.99539
Banco Interamericano de Finanzas,2025-01-31,15.013474415014203,10.930762467323024,3.8782172262614947,18071333.912019998
Banco Interamericano de Finanzas,2025-02-28,15.2281254230037,10.102777389173777,3.9832211711733,17854599.878179997
Banco Interamericano de Finanzas,2025-03-31,15.178926773693764,11.056022186020169,3.9186987778955062,17952735.568499997
Banco Interamericano de Finanzas,2025-04-30,15.129728124383826,12.00926698286656,3.854176384617712,18050871.25882
Banco Interamericano de Finanzas,2025-05-31,15.125526189501215,12.426898208175205,3.775505534948239,18199154.150820002
Banco Interamericano de Finanzas,2025-06-30,14.890233208504883,13.13006842159822,3.524362494244468,18743039.57143
Banco Interamericano de Finanzas,2025-07-31,15.110685387311488,13.637961389212233,3.5412101025335874,18704396.385039996
Banco Interamericano de Finanzas,2025-08-31,15.117542638154823,13.337591928054469,3.5001868514215486,18843643.867969997
Banco Interamericano de Finanzas,2025-09-30,15.348861236738559,13.057877067970589,3.5215596652772176,19036184.19908
Banco Interamericano de Finanzas,2025-10-31,15.487356065995295,12.960886650962076,3.5368521713978476,18755428.258889996
Banco Interamericano de Finanzas,2025-11-30,15.689135385020991,12.81337738433688,3.4721598211898774,18644486.5798
Banco Interamericano de Finanzas,2025-12-31,16.39451105170293,12.543679898721956,3.4879017882104617,18368125.105920002
Banco Pichincha,2018-01-31,12.53,6.308102721926461,3.6083231275776284,9060870.7
Banco Pichincha,2018-02-28,12.53,6.308102721926461,3.6083231275776284,9060870.7
Banco Pichincha,2018-03-31,12.53,6.308102721926461,3.6083231275776284,9060870.7
Banco Pichincha,2018-04-30,12.53,6.308102721926461,3.6083231275776284,9060870.7
Banco Pichincha,2018-05-31,12.53,6.308102721926461,3.6083231275776284,9060870.7
Banco Pichincha,2018-06-30,12.53,6.308102721926461,3.6083231275776284,9060870.7
Banco Pichincha,2018-07-31,12.53,6.308102721926461,3.6083231275776284,9060870.7
Banco Pichincha,2018-08-31,12.53,6.308102721926461,3.6083231275776284,9060870.7
Banco Pichincha,2018-09-30,12.55,6.308102721926461,3.6083231275776284,9120422.1
Banco Pichincha,2018-10-31,12.29,6.308102721926461,3.6083231275776284,9364439.5
Banco Pichincha,2018-11-30,12.08,6.308102721926461,3.6548752822951704,9590209.7
Banco Pichincha,2018-12-31,13.0,6.308102721926461,3.445815805425919,9584625.700000001
Banco Pichincha,2019-01-31,12.54,3.4456514885913245,3.583032834738965,9961408.7
Banco Pichincha,2019-02-28,12.5,3.493570436797977,3.877059994710646,10011007.2
Banco Pichincha,2019-03-31,12.455,3.776039134416539,3.7342904416775076,10026709.899999999
Banco Pichincha,2019-04-30,12.41,4.058507832035101,3.591520888644369,10042412.6
Banco Pichincha,2019-05-31,12.3,4.84712956255597,3.709489587901285,10215687.7
Banco Pichincha,2019-06-30,12.78,5.111373250991223,3.8839422855736023,10125104.1
Banco Pichincha,2019-07-31,12.72,5.426206089287466,3.797131048976615,10251554.5
Banco Pichincha,2019-08-31,12.73,5.750511169493252,3.9987276367497446,10300156.2
Banco Pichincha,2019-09-30,12.69,5.95334696620793,4.027322966948941,10362858.2
Banco Pichincha,2019-10-31,12.7,5.789540536122407,3.894777416710709,10347123.2
Banco Pichincha,2019-11-30,12.64,5.971017487066784,3.8253843256089595,10480674.4
Banco Pichincha,2019-12-31,12.98,6.110880591492087,4.031710942379711,10306807.899999999
Banco Pichincha,2020-01-31,12.76,3.681872466493298,4.147252364245165,10509728.899999999
Banco Pichincha,2020-02-29,12.69,3.2248963254790195,4.262793786110619,10524295.999999998
Banco Pichincha,2020-03-31,13.024999999999999,2.7596091403047223,4.378335207976073,10340676.5
Banco Pichincha,2020-04-30,13.36,2.294321955130425,4.493876629841527,10157057.0
Banco Pichincha,2020-05-31,13.1,2.239928361816815,4.609418051706981,10453759.3
Banco Pichincha,2020-06-30,13.55,2.2205254288723157,4.724959473572435,10155957.7
Banco Pichincha,2020-07-31,13.45,2.183730048630043,4.840500895437888,10191300.100000001
Banco Pichincha,2020-08-31,13.26,2.0642854038914424,4.956042317303342,10325495.1
Banco Pichincha,2020-09-30,13.07,1.9527761267547743,5.071583739168796,10506100.5
Banco Pichincha,2020-10-31,14.04,0.6473841267663799,5.18712516103425,10151636.0
Banco Pichincha,2020-11-30,13.62,-0.5408789921136404,5.302666582899704,10205485.2
Banco Pichincha,2020-12-31,12.83,-1.9014577271001718,5.418208004765158,10349842.3
Banco Pichincha,2021-01-31,12.77,-3.9396924241145643,5.533749426630612,10363475.2
Banco Pichincha,2021-02-28,12.72,-10.93343172215812,5.649290848496066,10382745.799999999
Banco Pichincha,2021-03-31,13.010000000000002,-8.932933490603185,5.713630408780973,10429083.365000002
Banco Pichincha,2021-04-30,13.3,-6.9324352590482485,5.77796996906588,10475420.930000003
Banco Pichincha,2021-05-31,13.09,-4.670620439767482,5.956236627889201,10608158.01
Banco Pichincha,2021-06-30,13.19,-3.6035369758388307,6.307131966918532,10746508.410000002
Banco Pichincha,2021-07-31,13.25,-2.8173357772266714,6.3701560126357695,10780004.810000002
Banco Pichincha,2021-08-31,13.07,-1.9708382587919948,6.069830416004178,10911575.809999999
Banco Pichincha,2021-09-30,12.98,-1.2979459483056262,5.780987243126432,10990464.770000003
Banco Pichincha,2021-10-31,12.73,-0.9620270972714451,5.634270534231846,11175663.92
Banco Pichincha,2021-11-30,12.22,-12.252640648158211,5.797247212119474,11259380.929999998
Banco Pichincha,2021-12-31,12.13,-11.045894711213064,5.3989504526584495,11277475.370000001
Banco Pichincha,2022-01-31,12.08,6.212596451546356,5.588359378298638,11020340.7
Banco Pichincha,2022-02-28,11.82,5.57056757159941,5.596011629391624,11164131.019999998
Banco Pichincha,2022-03-31,11.925,4.173833107036741,5.554650835034431,11298708.694999998
Banco Pichincha,2022-04-30,12.03,2.777098642474073,5.513290040677237,11433286.37
Banco Pichincha,2022-05-31,11.97,3.2545728761861805,5.81161838541807,11489451.96
Banco Pichincha,2022-06-30,11.81,3.6779919470544784,5.8593106914637,11527684.45
Banco Pichincha,2022-07-31,11.64,4.081048341133451,6.305134771058002,11801859.45
Banco Pichincha,2022-08-31,11.58,3.8824296967722915,6.2650190391659795,11787151.609999998
Banco Pichincha,2022-09-30,11.44,3.829513525994959,5.607373137058842,12025616.3
Banco Pichincha,2022-10-31,11.56,3.5920053108919427,5.599827168518016,12066125.009999998
Banco Pichincha,2022-11-30,11.48,0.8517691172149084,5.393522768339422,12130927.1
Banco Pichincha,2022-12-31,11.28,0.5364678771558031,5.508795217285987,12144630.420000002
Banco Pichincha,2023-01-31,11.38,2.151245158528044,5.81415761128274,11473803.49116
Banco Pichincha,2023-02-28,11.73,1.32408066472419,5.970114651304191,11583301.424989998
Banco Pichincha,2023-03-31,11.99,1.1375094503702994,6.043151313151931,11655004.75104
Banco Pichincha,2023-04-30,12.25,0.9509382360164089,6.116187974999671,11726708.07709
Banco Pichincha,2023-05-31,12.32,0.8081628563168244,6.125625461458712,11678743.69394
Banco Pichincha,2023-06-30,12.755281082085684,1.3227853689860107,5.935313220340447,11544397.09299
Banco Pichincha,2023-07-31,12.857407359171155,1.143368582277058,6.27651602094431,11354220.5
Banco Pichincha,2023-08-31,12.732406603166895,1.0179415438368384,6.485080992698277,11424673.457789999
Banco Pichincha,2023-09-30,12.469983986321465,1.0706806821325676,6.432288103972559,11671390.956840001
Banco Pichincha,2023-10-31,12.724153262653171,0.9908727297537824,6.655603003376255,11462946.24709
Banco Pichincha,2023-11-30,12.52913336800403,0.626704797922829,6.452914663800155,11293038.72131
Banco Pichincha,2023-12-31,12.464886032231702,0.05576669461798697,6.5473822237471,11192077.6658
Banco Pichincha,2024-01-31,12.35639159696202,-25.69084341372388,6.6261439019117825,11318129.60378
Banco Pichincha,2024-02-29,12.07315391674294,-18.71040432330021,6.745289351481095,11487154.956559999
Banco Pichincha,2024-03-31,12.12793926649996,-12.74588040111816,6.885644267024046,11456527.472144999
Banco Pichincha,2024-04-30,12.182724616256978,-6.781356478936113,7.025999182566995,11425899.98773
Banco Pichincha,2024-05-31,12.790275268192545,-6.489216827011396,7.166354098109945,11260515.07082
Banco Pichincha,2024-06-30,13.438710321608763,-5.573718846535999,7.542972542828871,11202275.74363
Banco Pichincha,2024-07-31,13.585591422928744,-4.6715927584435715,7.18085837215897,10898948.47214
Banco Pichincha,2024-08-31,13.25056259433532,-3.7672949051757607,6.800922377190015,11073174.18115
Banco Pichincha,2024-09-30,13.13929928970185,-3.911106626126689,6.961590540824927,10962339.68362
Banco Pichincha,2024-10-31,13.123105328986167,-3.507546871348803,6.935416326329867,10911446.00525
Banco Pichincha,2024-11-30,12.98779120016365,-3.416973864977723,6.805543708637515,10944986.73075
Banco Pichincha,2024-12-31,12.562548524494858,-5.149627645444772,6.7451524370448395,10950062.636329997
Banco Pichincha,2025-01-31,12.588431563929154,8.38942429921297,6.936036478046891,10909514.0117
Banco Pichincha,2025-02-28,12.828527310898366,5.782289756315332,6.918423952015202,10753688.64183
Banco Pichincha,2025-03-31,13.210350919043563,5.068262893776261,6.931688962484879,10674585.39897
Banco Pichincha,2025-04-30,13.592174527188758,4.35423603123719,6.944953972954554,10595482.156110002
Banco Pichincha,2025-05-31,13.278191906035405,4.210876568762158,6.889860738825917,10655296.793280002
Banco Pichincha,2025-06-30,12.996953632567005,4.119483564321733,6.583049258483584,10667823.63651
Banco Pichincha,2025-07-31,12.96125977713985,4.06322270578849,6.3751295133859704,10668993.204939999
Banco Pichincha,2025-08-31,13.206674781920057,4.200199662395356,6.349865813440136,10423786.424279999
Banco Pichincha,2025-09-30,13.480836724409734,4.301795570007251,6.543127041205646,10244837.22233
Banco Pichincha,2025-10-31,13.719800467467547,4.4204188279398045,6.678419384020929,10043781.823760001
Banco Pichincha,2025-11-30,13.855971068217041,4.524231081382258,5.961507743333218,9815375.916699998
Banco Pichincha,2025-12-31,14.205013483085743,4.456972070647999,6.431771627531573,9506692.67017
Banco Ripley,2018-01-31,14.31,21.854049466227767,3.162611443413553,2569831.0
Banco Ripley,2018-02-28,14.57,14.67568266853721,3.1662064890059254,2521499.1
Banco Ripley,2018-03-31,14.725000000000001,13.750902988952886,3.2993402872226083,2494352.05
Banco Ripley,2018-04-30,14.88,12.826123309368562,3.4324740854392917,2467205.0
Banco Ripley,2018-05-31,14.74,14.211321593366536,3.7117057211308673,2492786.0
Banco Ripley,2018-06-30,14.7,13.731534471048729,3.5353106493618127,2501366.5999999996
Banco Ripley,2018-07-31,14.66,14.019351733695293,3.5331727066471967,2506919.1
Banco Ripley,2018-08-31,14.31,14.94690974348034,3.3066894198401355,2572430.1
Banco Ripley,2018-09-30,14.17,14.712810792018438,3.214231231352866,2602036.5
Banco Ripley,2018-10-31,13.7,14.952106050796331,3.134291896419572,2698091.4000000004
Banco Ripley,2018-11-30,14.91,14.908829273674362,2.9689714945250434,2476511.3
Banco Ripley,2018-12-31,14.64,14.709338152333057,2.9284496749251545,2525429.0
Banco Ripley,2019-01-31,14.3,21.085982626924924,3.0936086508386427,2590159.8
Banco Ripley,2019-02-28,14.42,15.94446133209127,3.0909441072799697,2567194.9000000004
Banco Ripley,2019-03-31,14.370000000000001,15.424636764414778,3.021876115899397,2576421.7
Banco Ripley,2019-04-30,14.32,14.904812196738288,2.9528081245188242,2585648.5
Banco Ripley,2019-05-31,14.16,14.103999952027015,3.1554616828951723,2617634.0
Banco Ripley,2019-06-30,16.64,13.630481090728516,2.9611268409483067,2616174.6999999997
Banco Ripley,2019-07-31,16.72,14.358639337938719,2.958322103157491,2600852.9
Banco Ripley,2019-08-31,16.48,14.525770086391299,3.0224484984209425,2638302.8000000003
Banco Ripley,2019-09-30,16.55,14.487976057477503,3.1390564083875376,2627268.4000000004
Banco Ripley,2019-10-31,16.64,14.438181975777617,3.1314024058496024,2611324.5
Banco Ripley,2019-11-30,16.39,13.540617704117427,3.020044151831249,2654225.5000000005
Banco Ripley,2019-12-31,16.06,12.960276730111463,3.0399960971171867,2712628.1
Banco Ripley,2020-01-31,14.88,13.411513352653854,3.272308929164064,2948696.3
Banco Ripley,2020-02-29,15.13,12.218851908733352,3.504621761210941,2898310.2
Banco Ripley,2020-03-31,15.440000000000001,8.65831073511426,3.7369345932578186,2832563.55
Banco Ripley,2020-04-30,15.75,5.097769561495167,3.969247425304696,2766816.9
Banco Ripley,2020-05-31,15.92,3.2874884476731245,4.201560257351574,2736394.4
Banco Ripley,2020-06-30,16.09,-1.763057814226504,4.433873089398451,2683489.9
Banco Ripley,2020-07-31,16.29,-3.0877663018989545,4.666185921445328,2626553.3
Banco Ripley,2020-08-31,16.43,-3.8717075172719406,4.8984987534922055,2583013.5999999996
Banco Ripley,2020-09-30,16.44,-6.566671773394446,5.130811585539083,2518797.5000000005
Banco Ripley,2020-10-31,16.63,-17.272343526686907,5.36312441758596,2457442.7
Banco Ripley,2020-11-30,15.49,-25.455259284415167,5.5954372496328375,2458857.3
Banco Ripley,2020-12-31,14.41,-33.38769146340371,5.8277500816797145,2453897.0
Banco Ripley,2021-01-31,14.55,-34.06333763011517,6.060062913726592,2368872.6
Banco Ripley,2021-02-28,12.87,-27.5448124817656,6.2923757457734695,2664677.3
Banco Ripley,2021-03-31,12.835,-22.237055610943145,4.879931896689614,2657467.375
Banco Ripley,2021-04-30,12.8,-16.929298740120693,3.467488047605758,2650257.45
Banco Ripley,2021-05-31,12.51,-16.32230251898908,4.314081756076471,2690899.0900000003
Banco Ripley,2021-06-30,12.41,-15.300178569215243,4.180465692012982,2692852.15
Banco Ripley,2021-07-31,14.3,-10.812653296244305,3.6633248314583393,2762452.5500000003
Banco Ripley,2021-08-31,14.41,-9.28648403699279,3.3146291542423505,2741757.3800000004
Banco Ripley,2021-09-30,14.2,-8.057336772506126,2.834542991216905,2788245.920000001
Banco Ripley,2021-10-31,13.97,-6.77161588682786,2.4626476876363212,2848372.9899999998
Banco Ripley,2021-11-30,14.37,-6.091197614245624,2.176456839681419,2764981.84
Banco Ripley,2021-12-31,13.57,-5.508212606007119,1.8778972596080719,2947508.6599999997
Banco Ripley,2022-01-31,13.42,3.6869146951785057,1.9137827144729866,2987129.5199999996
Banco Ripley,2022-02-28,14.35,-1.0727706368810996,1.993864513266675,3057187.92
Banco Ripley,2022-03-31,14.215,-2.380499839417566,2.229151894138406,3073519.545
Banco Ripley,2022-04-30,14.08,-3.6882290419540324,2.4644392750101365,3089851.17
Banco Ripley,2022-05-31,13.87,-5.039523939944376,2.7280114820772154,3114107.8299999996
Banco Ripley,2022-06-30,13.79,-5.954124083497645,2.824008760432342,3108190.92
Banco Ripley,2022-07-31,14.35,-6.027769252118138,3.0787884973539703,3121303.0900000003
Banco Ripley,2022-08-31,14.44,-5.170269900893993,3.123619027171507,3098053.5999999996
Banco Ripley,2022-09-30,14.47,-4.562632304361426,3.0666835204005007,3066483.3
Banco Ripley,2022-10-31,14.3,-4.056372920854358,2.9727044531000475,3090082.19
Banco Ripley,2022-11-30,14.05,-3.6617453781943734,2.803383899772486,3133249.5599999996
Banco Ripley,2022-12-31,13.53,-4.43802160447134,2.9194043173458173,3231651.49
Banco Ripley,2023-01-31,16.43,-8.334796784163819,2.992108932196893,2144493.7695199996
Banco Ripley,2023-02-28,16.44,-6.957179035047381,3.082160081143112,2143152.91165
Banco Ripley,2023-03-31,17.270000000000003,-8.317643214488854,3.2738272564362507,2183632.23497
Banco Ripley,2023-04-30,18.1,-9.678107393930325,3.46549443172939,2224111.55829
Banco Ripley,2023-05-31,18.12,-11.016653673805832,4.190727876276744,2184182.45136
Banco Ripley,2023-06-30,17.48485834308982,-13.514692573855658,4.475222815031065,2195179.33522
Banco Ripley,2023-07-31,17.500952097754556,-13.79025251847218,4.559583562530139,2159284.7087000003
Banco Ripley,2023-08-31,17.504979783975188,-14.116016576765613,4.410389384436863,2106848.49661
Banco Ripley,2023-09-30,17.352805995394167,-14.738762118800372,4.592307767453743,2077039.89894
Banco Ripley,2023-10-31,16.999016866263,-15.60142988632666,4.752170917428446,2066809.5242499998
Banco Ripley,2023-11-30,16.361634604617763,-17.23305607918286,5.066405963756391,2048571.1696000001
Banco Ripley,2023-12-31,15.324519504524842,-21.49771679154247,5.7587394044193125,2041581.28855
Banco Ripley,2024-01-31,15.486524603843863,-17.934196338712994,6.031533392080551,1976406.9466900001
Banco Ripley,2024-02-29,15.553774227851648,-16.53819699816626,5.642927799387909,1883326.9175200001
Banco Ripley,2024-03-31,15.51141326363178,-16.643330409074935,5.691537100305061,1831253.92593
Banco Ripley,2024-04-30,15.469052299411915,-16.748463819983606,5.740146401222214,1779180.93434
Banco Ripley,2024-05-31,15.273196572132154,-17.05221973169011,6.135169851913984,1751934.54621
Banco Ripley,2024-06-30,14.723118335558466,-15.887787112645496,5.66132635905178,1780318.1293099998
Banco Ripley,2024-07-31,16.089367708469933,-11.426460840886365,5.258438382227098,1660344.4340400002
Banco Ripley,2024-08-31,16.344562180698695,-8.74086571359297,4.705946684120079,1656991.0054699997
Banco Ripley,2024-09-30,17.109144531926713,-5.37991730512789,4.361554107918207,1631848.93626
Banco Ripley,2024-10-31,17.759997256997934,-2.838568800479268,4.134039370366382,1621581.18525
Banco Ripley,2024-11-30,17.617723146434333,-0.7212099009864025,3.7503753868043708,1667269.27797
Banco Ripley,2024-12-31,17.477140600054124,-1.9384563829290584,3.666241811692466,1751662.4223700003
Banco Ripley,2025-01-31,17.794730795354006,19.390812061725217,3.7622473574882234,1726381.71548
Banco Ripley,2025-02-28,17.99562968662904,15.446223482432748,3.5070743559101705,1721807.9699399997
Banco Ripley,2025-03-31,17.87753157649709,13.839584084429603,3.486536760278617,1754078.90697
Banco Ripley,2025-04-30,17.75943346636514,12.23294468642646,3.4659991646470636,1786349.844
Banco Ripley,2025-05-31,17.969811964978927,12.520768697139806,3.7955732321692084,1807410.23923
Banco Ripley,2025-06-30,18.49584377805221,12.62457054807368,3.6217011621990274,1790857.3801
Banco Ripley,2025-07-31,18.83853647964805,13.245210815984704,3.606220796135972,1803651.48729
Banco Ripley,2025-08-31,18.96222123653349,13.286291396037587,3.4719255580519484,1835377.8762599998
Banco Ripley,2025-09-30,19.646602705960646,13.396614302838532,3.365398925584894,1807557.78346
Banco Ripley,2025-10-31,19.745799356550688,13.16512911848145,3.338996094908755,1831976.55753
Banco Ripley,2025-11-30,19.638164499963345,12.984679633294158,3.1072152911215425,1881733.58621
Banco Ripley,2025-12-31,19.85502115378155,14.238817770211279,3.2038757766355985,1911287.2891499999
Banco Santander Perú,2018-01-31,17.35,12.959214840624094,1.0582374034638795,4548684.0
Banco Santander Perú,2018-02-28,17.35,10.027325371829301,1.1725203669875977,4550457.1
Banco Santander Perú,2018-03-31,16.745,10.28592936787505,1.0791717149467215,4720828.0
Banco Santander Perú,2018-04-30,16.14,10.5445333639208,0.9858230629058455,4891198.899999999
Banco Santander Perú,2018-05-31,15.57,10.672388966161309,0.9468175199702786,5073654.1
Banco Santander Perú,2018-06-30,14.89,10.626074711391581,0.8551906601334526,5174542.100000001
Banco Santander Perú,2018-07-31,14.92,10.843821362336039,0.8809235127512591,5186231.5
Banco Santander Perú,2018-08-31,14.28,10.660318143028348,0.9425916672738143,5405446.0
Banco Santander Perú,2018-09-30,14.15,10.531325962860668,0.7079392385386348,5581801.0
Banco Santander Perú,2018-10-31,13.55,10.69306618515371,0.6133380825520703,6078182.4
Banco Santander Perú,2018-11-30,13.17,11.064976272971641,0.583848914065565,6310149.4
Banco Santander Perú,2018-12-31,13.49,11.904185292033956,0.6229333897402706,6192384.8
Banco Santander Perú,2019-01-31,13.14,12.650397650894076,0.6367298370934736,6342250.6
Banco Santander Perú,2019-02-28,13.31,10.65680731010787,0.6219307018783603,6273178.1
Banco Santander Perú,2019-03-31,13.445,10.504707648867525,0.5940563878195431,6379734.55
Banco Santander Perú,2019-04-30,13.58,10.352607987627179,0.5661820737607258,6486291.0
Banco Santander Perú,2019-05-31,13.2,10.63938750099784,0.5550653852554993,6729564.0
Banco Santander Perú,2019-06-30,13.64,12.04517366673045,0.6536040966402814,6534241.6
Banco Santander Perú,2019-07-31,13.51,12.036950766350824,0.6247619144354009,375946.0
Banco Santander Perú,2019-08-31,13.08,13.13239579271635,0.539661760982541,6952208.900000001
Banco Santander Perú,2019-09-30,13.57,12.963744533634067,0.5314809704939355,7233445.8
Banco Santander Perú,2019-10-31,14.02,12.772145687984906,0.49669621968389394,7028458.4
Banco Santander Perú,2019-11-30,13.8,12.945645873757087,0.8593606057847156,7203570.300000001
Banco Santander Perú,2019-12-31,14.27,13.296626197868216,0.5462888010101917,6993917.5
Banco Santander Perú,2020-01-31,13.33,10.691624544940325,0.5795821108164296,7501897.7
Banco Santander Perú,2020-02-29,14.03,11.375250739500679,0.6128754206226675,7162747.9
Banco Santander Perú,2020-03-31,13.78,11.90697253382825,0.6461687304289054,7368970.45
Banco Santander Perú,2020-04-30,13.53,12.438694328155822,0.6794620402351433,7575193.0
Banco Santander Perú,2020-05-31,13.61,12.58822547713934,0.7127553500413812,7615054.199999999
Banco Santander Perú,2020-06-30,13.27,12.21829828477537,0.746048659847619,7911461.3
Banco Santander Perú,2020-07-31,14.13,12.565877755322996,0.779341969653857,7513347.4
Banco Santander Perú,2020-08-31,14.22,12.660830119997996,0.8126352794600948,7511385.899999999
Banco Santander Perú,2020-09-30,14.24,13.063769895829527,0.8459285892663329,7549788.3
Banco Santander Perú,2020-10-31,14.1,13.322535904653087,0.8792218990725706,7685515.600000001
Banco Santander Perú,2020-11-30,14.15,13.314720017853999,0.9125152088788087,7715385.5
Banco Santander Perú,2020-12-31,15.65,13.4647267439501,0.9458085186850465,7636287.999999999
Banco Santander Perú,2021-01-31,15.57,13.255886293548297,0.9791018284912844,7697253.100000001
Banco Santander Perú,2021-02-28,15.65,11.119922272210543,1.0123951382975223,7647931.7
Banco Santander Perú,2021-03-31,16.03,12.047835621752903,1.025494265413375,7746346.040000001
Banco Santander Perú,2021-04-30,16.41,12.975748971295262,1.0385933925292279,7844760.380000002
Banco Santander Perú,2021-05-31,16.23,12.73945354350795,1.0166542752034093,7982761.460000001
Banco Santander Perú,2021-06-30,16.05,13.617775675469273,1.3062818967165566,8121873.17
Banco Santander Perú,2021-07-31,15.12,13.713612314963708,1.4268204694474906,8738572.43
Banco Santander Perú,2021-08-31,15.52,14.42807424767117,1.1651890842212824,8509268.52
Banco Santander Perú,2021-09-30,15.71,15.042122532069538,1.2122824584196432,8456831.96
Banco Santander Perú,2021-10-31,15.95,15.334324476240438,1.1790768820253479,8289088.81
Banco Santander Perú,2021-11-30,15.83,15.715027161854339,1.1558475374398742,8383425.140000001
Banco Santander Perú,2021-12-31,15.93,15.935021648036688,1.0537322412720518,8246954.83
Banco Santander Perú,2022-01-31,15.79,11.058981104485547,1.0472968853032651,8218846.649999999
Banco Santander Perú,2022-02-28,15.8,14.577994793918608,1.0046134564048033,8170210.859999999
Banco Santander Perú,2022-03-31,15.66,15.191562670597317,1.2431221056953692,8415976.120000001
Banco Santander Perú,2022-04-30,15.52,15.805130547276026,1.481630754985935,8661741.38
Banco Santander Perú,2022-05-31,15.72,15.061762887303681,1.4341360902183033,8512783.22
Banco Santander Perú,2022-06-30,14.71,14.488619309009989,1.018586147869063,9198678.59
Banco Santander Perú,2022-07-31,14.31,13.950278173854844,0.8904384794913014,9538369.060000002
Banco Santander Perú,2022-08-31,14.8,14.964385764346902,0.8864212816420439,9215773.12
Banco Santander Perú,2022-09-30,14.55,14.34416038710877,0.9426652768404955,9468439.77
Banco Santander Perú,2022-10-31,14.84,14.645998787513575,1.072256001698968,9319451.299999999
Banco Santander Perú,2022-11-30,15.56,14.583535794622337,1.3184606723913552,8883841.0
Banco Santander Perú,2022-12-31,16.29,14.84124895399493,1.5305658076398163,8510129.59
Banco Santander Perú,2023-01-31,16.72,16.81600770421121,1.8912226062122333,8977017.14787
Banco Santander Perú,2023-02-28,17.04,15.179966648553874,1.6063544811543091,8864750.35451
Banco Santander Perú,2023-03-31,16.52,16.768971370567638,1.5798179865988558,9003193.851975
Banco Santander Perú,2023-04-30,16.0,18.357976092581403,1.5532814920434026,9141637.34944
Banco Santander Perú,2023-05-31,15.86,18.06217099273441,1.4922005694050735,9298683.854279999
Banco Santander Perú,2023-06-30,15.703305710998409,18.91510424785981,1.4375320479072498,9351118.83876
Banco Santander Perú,2023-07-31,16.114832772711445,18.62571962061795,1.5486830929567348,9224859.70747
Banco Santander Perú,2023-08-31,15.699970388108872,18.4976368672407,1.281060672552693,9651764.64253
Banco Santander Perú,2023-09-30,15.755878873436318,18.537616715703972,1.298566436416295,9766814.00357
Banco Santander Perú,2023-10-31,15.9456131301867,18.69995466254734,1.291706832835979,9790466.967920002
Banco Santander Perú,2023-11-30,17.081087286643765,18.31292690800647,1.2991043500891182,9275200.61281
Banco Santander Perú,2023-12-31,17.43642543091274,17.35799705073094,1.4833646005858898,9204807.35423
Banco Santander Perú,2024-01-31,17.051529734366365,23.507222929131018,1.3914401597957906,9693207.888979997
Banco Santander Perú,2024-02-29,18.038441053118248,28.936360162353292,1.4236579219224132,9368968.751910001
Banco Santander Perú,2024-03-31,17.930665976996742,25.406972275800705,2.683582244060003,9142401.871935
Banco Santander Perú,2024-04-30,17.822890900875233,21.877584389248117,3.9435065661975917,8915834.99196
Banco Santander Perú,2024-05-31,17.51505367793882,20.50653950264322,4.119254385769752,9209360.804750001
Banco Santander Perú,2024-06-30,16.85532443571976,18.68477794007467,4.766250301165787,9403932.20067
Banco Santander Perú,2024-07-31,18.52572229123378,17.908256632546017,4.831340911128886,8693716.3796
Banco Santander Perú,2024-08-31,19.414748047857312,17.93408363100361,5.124159218235069,8455657.484100001
Banco Santander Perú,2024-09-30,19.089995672632156,17.795492707115976,5.124024196947666,8650871.11425
Banco Santander Perú,2024-10-31,18.244625508426253,17.540218310406694,5.214964202161529,9156948.636939999
Banco Santander Perú,2024-11-30,19.037199545859796,17.226829827074067,4.780888603885523,8703199.39887
Banco Santander Perú,2024-12-31,19.420505721995017,16.850429708259167,4.885720643517464,8610363.98949
Banco Santander Perú,2025-01-31,19.35631504779795,23.734311305219023,5.033710084176728,8803713.80124
Banco Santander Perú,2025-02-28,20.284435805928386,19.216150979639433,5.189028604910737,8453962.54071
Banco Santander Perú,2025-03-31,20.081126642034526,19.40841083355194,5.176440787234354,8334420.70669
Banco Santander Perú,2025-04-30,19.877817478140667,19.600670687464447,5.163852969557971,8214878.8726699995
Banco Santander Perú,2025-05-31,19.334133992430274,19.966562220887212,4.036733057080732,8612612.844490001
Banco Santander Perú,2025-06-30,19.252614406070244,22.375156949849355,2.764456356262414,8789834.011529999
Banco Santander Perú,2025-07-31,19.034387357187533,21.16674212490362,2.723530721061785,9012414.456470001
Banco Santander Perú,2025-08-31,19.088050851656334,20.47421212165152,2.64609632221212,9099864.908400001
Banco Santander Perú,2025-09-30,20.077416104930442,19.7178698029838,2.9932915208651942,8677088.72656
Banco Santander Perú,2025-10-31,20.02911431061466,19.106052578735053,3.1298296410472624,8691045.77142
Banco Santander Perú,2025-11-30,19.11079421621401,18.2931316279045,2.8942679990808626,9135689.4322
Banco Santander Perú,2025-12-31,19.65366584373866,17.575484116606244,2.332095787866932,9037846.22637
Banco de Comercio,2018-01-31,12.1,13.072696129628477,3.4296662847731065,2466615.0
Banco de Comercio,2018-02-28,12.14,12.31359450023468,3.5739273246837517,2450602.6
Banco de Comercio,2018-03-31,12.305,11.798262377259162,3.537002164902116,2449077.75
Banco de Comercio,2018-04-30,12.47,11.282930254283643,3.500077005120481,2447552.9
Banco de Comercio,2018-05-31,12.47,10.887178458529817,3.652624378109249,2451077.7
Banco de Comercio,2018-06-30,12.4,11.089296112259516,3.212612768305019,2457619.4
Banco de Comercio,2018-07-31,12.66,10.905707560489628,3.4775877103269606,2443412.7
Banco de Comercio,2018-08-31,12.61,10.934754816771308,3.6008890497765913,2476914.6
Banco de Comercio,2018-09-30,12.57,10.849172981545943,3.2443806288474466,2519181.7
Banco de Comercio,2018-10-31,12.88,10.7251371734446,3.2133193455125673,2541939.8
Banco de Comercio,2018-11-30,12.91,10.20816322255454,3.397846333676969,2573865.8000000003
Banco de Comercio,2018-12-31,13.04,10.282744963578763,2.679397263914178,2586385.0
Banco de Comercio,2019-01-31,13.1,12.253415505789,2.731797223427482,2600125.8000000003
Banco de Comercio,2019-02-28,12.98,9.224956896815932,2.8057707764714603,2625962.7
Banco de Comercio,2019-03-31,13.21,9.345451700722402,3.1829916216625884,2631830.75
Banco de Comercio,2019-04-30,13.44,9.46594650462887,3.560212466853717,2637698.8
Banco de Comercio,2019-05-31,13.4,10.869511201281167,2.9575177856607584,2700597.1999999997
Banco de Comercio,2019-06-30,13.5,10.779380784332835,2.6790602186870554,2694504.5999999996
Banco de Comercio,2019-07-31,13.17,10.674186275941407,2.8137247209384064,2785845.6000000006
Banco de Comercio,2019-08-31,13.38,10.645040386369109,2.808194014993377,2789576.4000000004
Banco de Comercio,2019-09-30,13.33,10.703297633290084,2.5936422352098836,2805827.0
Banco de Comercio,2019-10-31,13.34,10.56433162233634,2.664050445229422,2829570.4000000004
Banco de Comercio,2019-11-30,13.38,10.438330617514529,2.808252451458623,2843044.3
Banco de Comercio,2019-12-31,13.55,10.252139070152392,2.5425315142053635,2819383.1
Banco de Comercio,2020-01-31,12.98,9.982377142785518,2.6339562807636794,2943561.6000000006
Banco de Comercio,2020-02-29,12.81,8.90117181908498,2.7253810473219957,2978497.3000000003
Banco de Comercio,2020-03-31,13.225000000000001,9.224555842927927,2.8168058138803116,2945461.5
Banco de Comercio,2020-04-30,13.64,9.547939866770873,2.9082305804386275,2912425.6999999993
Banco de Comercio,2020-05-31,13.64,9.24295089016869,2.9996553469969434,2948510.5
Banco de Comercio,2020-06-30,13.81,9.365989425977972,3.0910801135552597,2938092.1999999997
Banco de Comercio,2020-07-31,14.02,8.952583236363422,3.1825048801135756,2936648.6000000006
Banco de Comercio,2020-08-31,14.03,8.891714662446802,3.2739296466718915,2936905.0
Banco de Comercio,2020-09-30,13.93,8.363499504011397,3.3653544132302073,2983592.5999999996
Banco de Comercio,2020-10-31,13.74,7.628349843891118,3.4567791797885237,3034532.4000000004
Banco de Comercio,2020-11-30,13.84,6.954100799514026,3.5482039463468396,3046179.8000000003
Banco de Comercio,2020-12-31,13.56,6.467749532545264,3.6396287129051554,3015447.0
Banco de Comercio,2021-01-31,13.8,6.082852362306401,3.7310534794634718,2966039.1000000006
Banco de Comercio,2021-02-28,14.01,5.18270824149624,3.8224782460217877,2924393.3999999994
Banco de Comercio,2021-03-31,14.059999999999999,5.358354095589863,3.8377353887943118,2945455.0999999996
Banco de Comercio,2021-04-30,14.11,5.533999949683488,3.8529925315668354,2966516.8000000003
Banco de Comercio,2021-05-31,14.27,5.629402864041365,3.2848560467627532,2962891.0200000005
Banco de Comercio,2021-06-30,13.98,5.549377561166489,3.367084803839476,3026821.9200000004
Banco de Comercio,2021-07-31,14.0,5.121722714838441,4.318151030732412,3027569.35
Banco de Comercio,2021-08-31,14.24,5.037229996293656,4.66048111788904,2979991.91
Banco de Comercio,2021-09-30,13.39,4.972914417941296,4.123630639972882,3183350.9899999998
Banco de Comercio,2021-10-31,13.07,4.773474363073886,5.267943451841496,3269248.6
Banco de Comercio,2021-11-30,12.77,4.776432800071067,4.738344252948578,3344159.4600000004
Banco de Comercio,2021-12-31,12.79,4.57119890995185,3.752304645219863,3330648.96
Banco de Comercio,2022-01-31,12.87,1.2519666286881044,4.073186994199974,3310220.5600000005
Banco de Comercio,2022-02-28,12.68,3.707577809375704,4.112311809679673,3352740.61
Banco de Comercio,2022-03-31,12.61,4.773905235536239,3.9779861646065786,3408243.3200000003
Banco de Comercio,2022-04-30,12.54,5.840232661696774,3.843660519533485,3463746.0300000003
Banco de Comercio,2022-05-31,12.54,6.4102521046336705,3.959228613976573,3491883.1500000004
Banco de Comercio,2022-06-30,12.7,6.157215731301451,3.876575569897983,3482725.5199999996
Banco de Comercio,2022-07-31,12.67,6.005019271308994,3.5148277491488513,3497936.54
Banco de Comercio,2022-08-31,12.59,5.629745452285238,3.953024958831268,3522983.81
Banco de Comercio,2022-09-30,12.44,5.441410270543345,3.6612490884211084,3574868.3699999996
Banco de Comercio,2022-10-31,12.35,5.186877555417722,3.7919312011981865,3602455.14
Banco de Comercio,2022-11-30,12.38,4.928037951082187,4.009837898871956,3592261.3800000004
Banco de Comercio,2022-12-31,12.37,4.812106028061223,3.7293671711279432,3587552.8099999996
Banco de Comercio,2023-01-31,12.33,3.016464780803119,4.021775739109544,3555807.1085100006
Banco de Comercio,2023-02-28,12.22,2.890040140745264,3.9376060770189083,3582424.0156300003
Banco de Comercio,2023-03-31,12.275,3.1121997354928297,4.112119438662383,3568138.316845
Banco de Comercio,2023-04-30,12.33,3.334359330240396,4.286632800305856,3553852.61806
Banco de Comercio,2023-05-31,12.26,2.7950136351115042,4.418805159206211,3558831.2628600006
Banco de Comercio,2023-06-30,12.249240168148381,2.3831291777550407,4.424492957834756,3537671.01524
Banco de Comercio,2023-07-31,12.254406721665807,0.9755073963889336,4.804211176483717,3508851.8298600004
Banco de Comercio,2023-08-31,12.254406721665807,0.9755073963889336,4.740867161368553,3508851.8298600004
Banco de Comercio,2023-09-30,12.254406721665807,0.9755073963889336,4.740867161368553,3508851.8298600004
Banco de Comercio,2023-10-31,12.254406721665807,0.9755073963889336,4.740867161368553,3508851.8298600004
Banco de Comercio,2023-11-30,12.254406721665807,0.9755073963889336,4.740867161368553,3508851.8298600004
Banco de Comercio,2023-12-31,12.254406721665807,0.9755073963889336,4.740867161368553,3508851.8298600004
Banco de Comercio,2024-01-31,12.254406721665807,0.9755073963889336,4.740867161368553,3508851.8298600004
Banco de Comercio,2024-02-29,12.254406721665807,0.9755073963889336,4.740867161368553,3508851.8298600004
Banco de Comercio,2024-03-31,12.254406721665807,0.9755073963889336,4.740867161368553,3508851.8298600004
Banco de Comercio,2024-04-30,12.254406721665807,0.9755073963889336,4.740867161368553,3508851.8298600004
Banco de Comercio,2024-05-31,12.254406721665807,0.9755073963889336,4.740867161368553,3508851.8298600004
Banco de Comercio,2024-06-30,12.254406721665807,0.9755073963889336,4.740867161368553,3508851.8298600004
Banco de Comercio,2024-07-31,12.254406721665807,0.9755073963889336,4.740867161368553,3508851.8298600004
Banco de Comercio,2024-08-31,12.254406721665807,0.9755073963889336,4.740867161368553,3508851.8298600004
Banco de Comercio,2024-09-30,12.254406721665807,0.9755073963889336,4.740867161368553,3508851.8298600004
Banco de Comercio,2024-10-31,12.254406721665807,0.9755073963889336,4.740867161368553,3508851.8298600004
Banco de Comercio,2024-11-30,12.254406721665807,0.9755073963889336,4.740867161368553,3508851.8298600004
Banco de Comercio,2024-12-31,12.254406721665807,0.9755073963889336,4.740867161368553,3508851.8298600004
Banco de Comercio,2025-01-31,12.254406721665807,0.9755073963889336,4.740867161368553,3508851.8298600004
Banco de Comercio,2025-02-28,12.254406721665807,0.9755073963889336,4.740867161368553,3508851.8298600004
Banco de Comercio,2025-03-31,12.254406721665807,0.9755073963889336,4.740867161368553,3508851.8298600004
Banco de Comercio,2025-04-30,12.254406721665807,0.9755073963889336,4.740867161368553,3508851.8298600004
Banco de Comercio,2025-05-31,12.254406721665807,0.9755073963889336,4.740867161368553,3508851.8298600004
Banco de Comercio,2025-06-30,12.254406721665807,0.9755073963889336,4.740867161368553,3508851.8298600004
Banco de Comercio,2025-07-31,12.254406721665807,0.9755073963889336,4.740867161368553,3508851.8298600004
Banco de Comercio,2025-08-31,12.254406721665807,0.9755073963889336,4.740867161368553,3508851.8298600004
Banco de Comercio,2025-09-30,12.254406721665807,0.9755073963889336,4.740867161368553,3508851.8298600004
Banco de Comercio,2025-10-31,12.254406721665807,0.9755073963889336,4.740867161368553,3508851.8298600004
Banco de Comercio,2025-11-30,12.254406721665807,0.9755073963889336,4.740867161368553,3508851.8298600004
Banco de Comercio,2025-12-31,12.254406721665807,0.9755073963889336,4.740867161368553,3508851.8298600004
Banco de Crédito del Perú,2018-01-31,15.22,22.78051863588487,2.961208588202018,107379421.5
Banco de Crédito del Perú,2018-02-28,14.98,19.861692497025288,3.1934857976833193,108965898.20000002
Banco de Crédito del Perú,2018-03-31,15.325,21.218626843656978,3.0263773707214146,110108587.15
Banco de Crédito del Perú,2018-04-30,15.67,22.57556119028867,2.85926894375951,111251276.1
Banco de Crédito del Perú,2018-05-31,15.64,22.441002729218777,2.8884402917696606,111426474.7
Banco de Crédito del Perú,2018-06-30,15.07,21.626705684900912,2.897637617318008,115681026.80000001
Banco de Crédito del Perú,2018-07-31,15.23,21.39943727272198,2.9391142309840643,114515818.5
Banco de Crédito del Perú,2018-08-31,15.07,21.15336856579421,2.9278150177504036,116052870.8
Banco de Crédito del Perú,2018-09-30,14.94,20.708435349923537,2.909215473861373,117083174.3
Banco de Crédito del Perú,2018-10-31,14.68,20.365308293343833,2.876200949308639,119937518.0
Banco de Crédito del Perú,2018-11-30,14.51,19.988862848034618,2.8117596394412225,121939562.0
Banco de Crédito del Perú,2018-12-31,14.17,19.707226339968425,2.6645131171341068,124798031.19999999
Banco de Crédito del Perú,2019-01-31,14.15,24.514546485083912,2.8002143104791783,121310100.0
Banco de Crédito del Perú,2019-02-28,14.26,21.2505030289609,2.7602646063776057,119835144.60000001
Banco de Crédito del Perú,2019-03-31,14.85,21.83363712494289,2.7971765254348906,121952087.4
Banco de Crédito del Perú,2019-04-30,15.44,22.416771220924883,2.834088444492176,124069030.20000002
Banco de Crédito del Perú,2019-05-31,15.27,21.77282339456135,2.8465567151945077,126103348.19999999
Banco de Crédito del Perú,2019-06-30,14.95,21.0622604524266,2.8695961995788792,128023739.30000001
Banco de Crédito del Perú,2019-07-31,14.84,20.69839303296922,2.91122581673259,129257733.69999999
Banco de Crédito del Perú,2019-08-31,14.8,20.69911963761861,2.849251853558173,130470249.3
Banco de Crédito del Perú,2019-09-30,15.45,20.787724754365865,2.8272410573554687,130413863.4
Banco de Crédito del Perú,2019-10-31,15.28,20.27199572964855,2.7636503662904324,132582865.49999999
Banco de Crédito del Perú,2019-11-30,14.55,19.90905153174469,2.7054105010904115,133965578.70000002
Banco de Crédito del Perú,2019-12-31,14.47,19.23571126944451,2.712143470189671,134128849.99999999
Banco de Crédito del Perú,2020-01-31,14.06,21.101205722415557,2.7390768785876207,136007795.7
Banco de Crédito del Perú,2020-02-29,13.86,19.679723589219805,2.766010286985571,138651111.6
Banco de Crédito del Perú,2020-03-31,14.19,15.577656301598614,2.7929436953835207,140846015.45
Banco de Crédito del Perú,2020-04-30,14.52,11.475589013977423,2.8198771037814705,143040919.3
Banco de Crédito del Perú,2020-05-31,14.64,9.544506700987377,2.8468105121794203,142806078.1
Banco de Crédito del Perú,2020-06-30,14.8,8.111241876730348,2.8737439205773705,142071063.4
Banco de Crédito del Perú,2020-07-31,15.11,7.069297988744492,2.9006773289753203,142131214.2
Banco de Crédito del Perú,2020-08-31,15.32,6.274548449311795,2.92761073737327,140151123.5
Banco de Crédito del Perú,2020-09-30,15.39,5.710939505566576,2.9545441457712203,139910769.0
Banco de Crédito del Perú,2020-10-31,15.24,5.221439974928606,2.98147755416917,141491322.89999998
Banco de Crédito del Perú,2020-11-30,15.17,4.808455919337629,3.00841096256712,142000411.1
Banco de Crédito del Perú,2020-12-31,14.93,4.440273076528426,3.0353443709650696,142042877.2
Banco de Crédito del Perú,2021-01-31,14.91,12.407585068625696,3.06227777936302,142686549.3
Banco de Crédito del Perú,2021-02-28,14.92,10.65925721898232,3.0892111877609696,142679373.4
Banco de Crédito del Perú,2021-03-31,15.26,11.026956948289495,3.0138824501316477,143000181.43
Banco de Crédito del Perú,2021-04-30,15.6,11.394656677596668,2.9385537125023258,143320989.46
Banco de Crédito del Perú,2021-05-31,15.51,12.360811877455559,2.951375155122792,144598647.10999998
Banco de Crédito del Perú,2021-06-30,15.34,12.332356966943546,3.0870116884600933,146936014.31
Banco de Crédito del Perú,2021-07-31,15.14,13.401490974707059,3.2383315723106243,150822076.04000002
Banco de Crédito del Perú,2021-08-31,15.18,13.96923631522775,3.3144283786035644,150731844.35000002
Banco de Crédito del Perú,2021-09-30,15.16,13.94949660845275,3.474969417455677,151415294.34999996
Banco de Crédito del Perú,2021-10-31,15.31,14.191766018035215,3.61996682769203,148422499.88
Banco de Crédito del Perú,2021-11-30,15.15,14.60864527765186,3.817556966723152,150861371.29999998
Banco de Crédito del Perú,2021-12-31,14.94,14.94178390148117,3.7272783657007933,152376235.41000003
Banco de Crédito del Perú,2022-01-31,14.82,19.344057454628814,3.8966416809265443,150869342.36
Banco de Crédito del Perú,2022-02-28,14.83,19.717425403913634,3.9027824626831498,149937977.2
Banco de Crédito del Perú,2022-03-31,15.265,20.84693716234988,3.8959985202823315,151611376.25
Banco de Crédito del Perú,2022-04-30,15.7,21.97644892078613,3.889214577881513,153284775.3
Banco de Crédito del Perú,2022-05-31,15.59,21.194993705187343,3.98392128814328,153067917.04
Banco de Crédito del Perú,2022-06-30,15.23,20.906895284286016,3.9729308361986218,158176423.55
Banco de Crédito del Perú,2022-07-31,15.02,20.942474725390905,3.850119526182332,161548398.08
Banco de Crédito del Perú,2022-08-31,15.01,20.969175501102843,3.959362429518255,160832241.95999998
Banco de Crédito del Perú,2022-09-30,14.93,21.21269745734405,4.03918182092237,163140250.27
Banco de Crédito del Perú,2022-10-31,14.55,21.42690849780292,4.033410263245298,162316365.60999998
Banco de Crédito del Perú,2022-11-30,14.49,20.88742253799841,4.077157697324886,161495203.13
Banco de Crédito del Perú,2022-12-31,14.43,20.381091550442726,3.964577906637739,161938838.06
Banco de Crédito del Perú,2023-01-31,17.54,25.748423516796766,4.017840515251521,148151633.05965
Banco de Crédito del Perú,2023-02-28,17.84,22.191780064134946,4.050038372494702,147257914.53367
Banco de Crédito del Perú,2023-03-31,17.15,23.263837758914953,4.034575521477903,147704412.54724002
Banco de Crédito del Perú,2023-04-30,16.46,24.33589545369496,4.019112670461103,148150910.56081003
Banco de Crédito del Perú,2023-05-31,16.83,24.04040351929246,4.103914377334495,147149432.07424998
Banco de Crédito del Perú,2023-06-30,17.201854577630268,23.640257212773164,4.110322395392335,146627555.46809
Banco de Crédito del Perú,2023-07-31,17.374581866029935,22.84912898714201,4.327747842282259,147270344.48223
Banco de Crédito del Perú,2023-08-31,17.538994059730133,22.272410113776285,4.458445777812645,148395552.43644
Banco de Crédito del Perú,2023-09-30,17.512233884021473,21.53042525353884,4.413714717495138,150737286.2126
Banco de Crédito del Perú,2023-10-31,17.168714420761717,21.327060283232736,4.495946296520891,151810253.68364
Banco de Crédito del Perú,2023-11-30,17.537329347810772,20.435195453738622,4.378845274940337,151426894.29136997
Banco de Crédito del Perú,2023-12-31,17.457663793169704,19.45611374816084,4.205887965072828,153473130.24494
Banco de Crédito del Perú,2024-01-31,18.017507716926545,23.6383656978182,4.342671296593081,152483498.17515
Banco de Crédito del Perú,2024-02-29,18.263074259541316,21.302546072239444,4.234364150088812,152088338.1192
Banco de Crédito del Perú,2024-03-31,17.12468656997006,22.424444603730258,4.193325384739122,153806348.502775
Banco de Crédito del Perú,2024-04-30,15.9862988803988,23.546343135221072,4.152286619389431,155524358.88635004
Banco de Crédito del Perú,2024-05-31,16.199851878660326,22.94522378132405,4.1381603165371015,156206661.82674
Banco de Crédito del Perú,2024-06-30,16.240168628735685,22.619131436009464,4.093664640702888,159442713.74708
Banco de Crédito del Perú,2024-07-31,16.698806453269626,22.671929914036802,4.235354814098949,157046069.84800997
Banco de Crédito del Perú,2024-08-31,17.154236557892123,22.458071005320942,4.189889288751987,156722788.74163002
Banco de Crédito del Perú,2024-09-30,18.961627528161927,22.165552531028094,4.125698624564146,156110334.55159998
Banco de Crédito del Perú,2024-10-31,18.548747344478322,22.030572672717092,4.009883331951747,159730036.86986002
Banco de Crédito del Perú,2024-11-30,18.46347228317645,21.28777256871219,3.7542492467446813,162258859.07151002
Banco de Crédito del Perú,2024-12-31,18.70665792718404,20.894300895879226,3.5637613025398465,161734380.9478
Banco de Crédito del Perú,2025-01-31,19.09111564295394,27.757133169346858,3.503816606938904,161107359.63768
Banco de Crédito del Perú,2025-02-28,19.21987748008622,24.523390379860132,3.3892935141656513,162659953.19221
Banco de Crédito del Perú,2025-03-31,18.886175322776843,26.06927690553271,3.4298946391526988,163533590.490295
Banco de Crédito del Perú,2025-04-30,18.55247316546746,27.615163431205286,3.470495764139746,164407227.78838
Banco de Crédito del Perú,2025-05-31,18.871917279261645,27.604073086514635,3.465930052157582,163804772.12735
Banco de Crédito del Perú,2025-06-30,17.334581257170893,27.686338436203727,3.442768428438652,163170342.69436002
Banco de Crédito del Perú,2025-07-31,17.43230800902906,27.06224609137054,3.44723955318339,165675640.48764998
Banco de Crédito del Perú,2025-08-31,17.546180492040815,26.182006945306576,3.3771270307147967,167270835.45466
Banco de Crédito del Perú,2025-09-30,17.715357458951,25.480700540409824,3.32693147149384,167975526.56359
Banco de Crédito del Perú,2025-10-31,18.859140527798615,25.056454987255595,3.2905763401401416,168462435.11367
Banco de Crédito del Perú,2025-11-30,18.92305037518979,24.430955861731896,3.2294842069947935,170718149.25041
Banco de Crédito del Perú,2025-12-31,19.441348745667018,23.715114505926348,3.137418662932993,167948439.33699
Bank of China,2018-01-31,513.77,0.05334501956290518,0.0,50586.7
Bank of China,2018-02-28,513.77,0.05334501956290518,0.0,50586.7
Bank of China,2018-03-31,513.77,0.05334501956290518,0.0,50586.7
Bank of China,2018-04-30,513.77,0.05334501956290518,0.0,50586.7
Bank of China,2018-05-31,513.77,0.05334501956290518,0.0,50586.7
Bank of China,2018-06-30,513.77,0.05334501956290518,0.0,50586.7
Bank of China,2018-07-31,513.77,0.05334501956290518,0.0,50586.7
Bank of China,2018-08-31,513.77,0.05334501956290518,0.0,50586.7
Bank of China,2018-09-30,513.77,0.05334501956290518,0.0,50586.7
Bank of China,2018-10-31,513.77,0.05334501956290518,0.0,50586.7
Bank of China,2018-11-30,513.77,0.05334501956290518,0.0,50586.7
Bank of China,2018-12-31,513.77,0.05334501956290518,0.0,50586.7
Bank of China,2019-01-31,513.77,0.05334501956290518,0.0,50586.7
Bank of China,2019-02-28,513.77,0.05334501956290518,0.0,50586.7
Bank of China,2019-03-31,513.77,0.05334501956290518,0.0,50586.7
Bank of China,2019-04-30,513.77,0.05334501956290518,0.0,50586.7
Bank of China,2019-05-31,513.77,0.05334501956290518,0.0,50586.7
Bank of China,2019-06-30,513.77,0.05334501956290518,0.0,50586.7
Bank of China,2019-07-31,513.77,0.05334501956290518,0.0,50586.7
Bank of China,2019-08-31,513.77,0.05334501956290518,0.0,50586.7
Bank of China,2019-09-30,513.77,0.05334501956290518,0.0,50586.7
Bank of China,2019-10-31,513.77,0.05334501956290518,0.0,50586.7
Bank of China,2019-11-30,513.77,0.05334501956290518,0.0,50586.7
Bank of China,2019-12-31,513.77,0.05334501956290518,0.0,50586.7
Bank of China,2020-01-31,513.77,0.05334501956290518,0.0,50586.7
Bank of China,2020-02-29,513.77,0.05334501956290518,0.0,50586.7
Bank of China,2020-03-31,513.77,0.05334501956290518,0.0,50586.7
Bank of China,2020-04-30,513.77,0.05334501956290518,0.0,50586.7
Bank of China,2020-05-31,513.77,0.05334501956290518,0.0,50586.7
Bank of China,2020-06-30,513.77,0.05334501956290518,0.0,50586.7
Bank of China,2020-07-31,513.77,0.05334501956290518,0.0,50586.7
Bank of China,2020-08-31,513.77,0.05334501956290518,0.0,50586.7
Bank of China,2020-09-30,478.66,0.05334501956290518,0.0,54297.00000000001
Bank of China,2020-10-31,387.24,-0.3888863552778005,0.0,66924.1
Bank of China,2020-11-30,387.51,-0.9719832529784218,0.0,66541.09999999999
Bank of China,2020-12-31,324.91,-1.7716363204028955,0.0,78753.20000000001
Bank of China,2021-01-31,304.02,-5.383388885892306,0.0,83798.90000000001
Bank of China,2021-02-28,242.69,-6.3100927236058295,0.0,104472.9
Bank of China,2021-03-31,231.95499999999998,-6.132383862561278,0.0,108972.345
Bank of China,2021-04-30,221.22,-5.954675001516727,0.0,113471.79000000001
Bank of China,2021-05-31,150.14,-8.228983461989426,0.0,165397.88999999998
Bank of China,2021-06-30,149.15,-7.184292062821032,0.0,166205.50999999998
Bank of China,2021-07-31,122.38,-7.154401123821737,0.0,201768.78
Bank of China,2021-08-31,85.29,-10.036864596305508,0.0,283762.74999999994
Bank of China,2021-09-30,105.34,-7.676294429311807,0.0,230943.01
Bank of China,2021-10-31,90.51,-7.963461170318597,0.0,266695.56
Bank of China,2021-11-30,105.98,-7.738894096307644,0.0,226854.96000000002
Bank of China,2021-12-31,92.84,-7.348893638661201,0.0,258938.36
Bank of China,2022-01-31,75.56,-9.880028837015905,0.0,316171.21
Bank of China,2022-02-28,69.31,-7.196062728599172,0.0,344049.29
Bank of China,2022-03-31,67.295,-5.4197383493337945,0.0,354577.985
Bank of China,2022-04-30,65.28,-3.6434139700684174,0.0,365106.68
Bank of China,2022-05-31,63.11,-2.348252834205121,0.0,378632.17
Bank of China,2022-06-30,62.81,-1.8522780348172552,0.0,380217.77
Bank of China,2022-07-31,57.27,-1.3771749061265157,0.0,416926.81
Bank of China,2022-08-31,58.15,-1.1437057784979583,0.0,412614.3299999999
Bank of China,2022-09-30,56.61,-0.08332742503700777,0.0,426278.49000000005
Bank of China,2022-10-31,56.13,0.2865578977089733,0.0,428789.80000000005
Bank of China,2022-11-30,57.26,0.41758394479593014,0.0,422644.0
Bank of China,2022-12-31,56.42,1.0410814620925877,0.0,426046.94999999995
Bank of China,2023-01-31,57.99,6.70470399806463,0.0,416457.26489999995
Bank of China,2023-02-28,63.6,6.37017159273328,0.0,384937.32466
Bank of China,2023-03-31,59.41,5.2274960714904415,0.0,414810.25827999995
Bank of China,2023-04-30,55.22,4.084820550247603,0.0,444683.1919
Bank of China,2023-05-31,53.25,5.005445683332881,0.0,464105.8178
Bank of China,2023-06-30,53.04118644661288,4.671178239848793,0.0,463794.43797
Bank of China,2023-07-31,55.63468307588637,4.882544496318151,0.0,444691.60245
Bank of China,2023-08-31,57.59996990308639,6.353875346616909,0.0,440709.78538
Bank of China,2023-09-30,55.06220932895016,7.144950896059029,0.0,463814.8406
Bank of China,2023-10-31,57.51820337549491,7.34321934001902,0.0,445421.65487
Bank of China,2023-11-30,56.66214590456606,7.398009752041082,0.0,455321.6107300001
Bank of China,2023-12-31,51.66273364816566,7.084874687447979,0.0,503226.83606000006
Bank of China,2024-01-31,50.4783204797353,13.872065775614603,0.0,523553.9276
Bank of China,2024-02-29,55.29978878897634,13.319409479101802,0.0,489207.4912299999
Bank of China,2024-03-31,55.40190100448576,13.211859559049978,0.0,492573.65036999993
Bank of China,2024-04-30,55.50401321999517,13.104309638998155,0.0,495939.80951
Bank of China,2024-05-31,54.897780508609,13.375592581432327,0.0,508367.88092
Bank of China,2024-06-30,57.29370456196378,17.04578360012706,0.0,502545.75425000006
Bank of China,2024-07-31,58.01471949767551,17.01855356256024,0.0,503973.76568
Bank of China,2024-08-31,58.77442163814215,16.176272960372586,0.0,504430.87194
Bank of China,2024-09-30,51.38943492668737,15.222543370647793,0.0,584030.6721999999
Bank of China,2024-10-31,58.29099142478717,14.602628313521778,0.0,515519.72948
Bank of China,2024-11-30,51.88045526384235,13.838619882415346,0.0,584952.3130600001
Bank of China,2024-12-31,44.21111071192216,13.264893598315961,0.0,694464.1101599999
Bank of China,2025-01-31,45.77344301911757,3.6861796390149104,0.0,674487.95414
Bank of China,2025-02-28,45.23961605254776,12.459538570922655,0.0,691531.2758899999
Bank of China,2025-03-31,46.85174765863145,12.36249354993414,0.0,675179.2394349999
Bank of China,2025-04-30,48.463879264715146,12.265448528945623,0.0,658827.20298
Bank of China,2025-05-31,48.89064169936631,10.886569465125241,0.0,656976.7135000001
Bank of China,2025-06-30,45.246082491852846,10.94754489341529,0.0,716606.13308
Bank of China,2025-07-31,46.71714630771449,10.743044872326388,0.0,700546.5900900001
Bank of China,2025-08-31,47.05732706690098,10.507170423291296,0.0,699964.5663400001
Bank of China,2025-09-30,49.89550496312672,10.309620191869257,0.0,664462.2318699999
Bank of China,2025-10-31,48.35778794518381,9.676228749722275,0.0,687834.22193
Bank of China,2025-11-30,51.96112785849068,9.01216118523917,0.0,641752.24236
Bank of China,2025-12-31,58.77421530975017,9.240111552886809,0.0,572960.01536
Citibank,2018-01-31,26.06,9.545529585423777,0.0,4455985.5
Citibank,2018-02-28,27.54,12.004243683238007,0.0,4209251.5
Citibank,2018-03-31,27.93,12.904893550231698,0.0,4178108.05
Citibank,2018-04-30,28.32,13.805543417225389,0.0,4146964.6
Citibank,2018-05-31,18.23,19.03432560872784,0.0,4196726.6
Citibank,2018-06-30,16.74,18.989823765370087,0.0,4574926.3
Citibank,2018-07-31,17.4,18.23436224727341,0.0,4408229.100000001
Citibank,2018-08-31,16.3,17.753518616288407,0.0,4725649.8
Citibank,2018-09-30,20.49,18.90946971137928,0.0,3747478.1
Citibank,2018-10-31,18.49,18.2063676796471,0.0,4159771.2
Citibank,2018-11-30,18.66,17.746700459139774,0.0,4126160.4
Citibank,2018-12-31,16.77,17.169910336380394,0.0,4591080.5
Citibank,2019-01-31,17.02,12.779145475233225,0.0,4526863.0
Citibank,2019-02-28,17.42,17.06897226994628,0.0,4417209.100000001
Citibank,2019-03-31,17.805,19.873621068543834,0.0,4366699.75
Citibank,2019-04-30,18.19,22.678269867141392,0.0,4316190.399999999
Citibank,2019-05-31,16.48,21.903505857457446,0.0,4760153.9
Citibank,2019-06-30,16.35,24.315235075127045,0.0,4796314.699999999
Citibank,2019-07-31,17.2,24.39640437406549,0.0,4553755.6
Citibank,2019-08-31,18.36,24.59004291557171,0.0,4255967.0
Citibank,2019-09-30,21.13,25.023836033927655,0.0,3696934.8
Citibank,2019-10-31,18.84,23.518570524666455,0.0,4136247.7
Citibank,2019-11-30,19.8,23.80040944820239,0.0,3931706.2
Citibank,2019-12-31,19.2,21.712470472198792,0.0,4057352.8000000003
Citibank,2020-01-31,18.28,16.22626859160023,0.0,4264345.2
Citibank,2020-02-29,17.42,17.11947578075487,0.0,4478740.899999999
Citibank,2020-03-31,19.355,19.61896464906448,0.0,4576689.399999999
Citibank,2020-04-30,21.29,22.118453517374096,0.0,4674637.899999999
Citibank,2020-05-31,24.88,20.85930805304603,0.0,3999120.2
Citibank,2020-06-30,23.68,18.61941086354316,0.0,4197813.5
Citibank,2020-07-31,23.35,17.785642565317517,0.0,4257199.0
Citibank,2020-08-31,23.46,16.34339307935045,0.0,4253713.899999999
Citibank,2020-09-30,21.29,15.611315928589708,0.0,4709623.6
Citibank,2020-10-31,22.07,15.182519766259919,0.0,4542203.1
Citibank,2020-11-30,24.8,14.364482227807777,0.0,4039324.6
Citibank,2020-12-31,26.25,13.927552353128755,0.0,3790696.8
Citibank,2021-01-31,27.0,8.12720127116317,0.0,3681271.6999999997
Citibank,2021-02-28,30.8,9.213303339227831,0.0,3225465.6
Citibank,2021-03-31,28.115000000000002,12.839217167642039,0.0,3461826.25
Citibank,2021-04-30,25.43,16.465130996056246,0.0,3698186.9
Citibank,2021-05-31,27.94,11.84909441963023,0.0,3366233.26
Citibank,2021-06-30,20.9,15.948641886591952,0.0,3569108.3500000006
Citibank,2021-07-31,23.12,15.621837889987903,0.0,3229440.9400000004
Citibank,2021-08-31,21.76,14.616060294561903,0.0,3435245.130000001
Citibank,2021-09-30,19.93,13.704426414520968,0.0,3754462.95
Citibank,2021-10-31,20.62,13.314988549672183,0.0,3622898.5000000005
Citibank,2021-11-30,21.04,12.959870253352005,0.0,3551017.6100000003
Citibank,2021-12-31,20.74,13.135728261758285,0.0,3607229.860000001
Citibank,2022-01-31,21.38,14.87109948918095,0.0,3496641.44
Citibank,2022-02-28,21.69,14.379877202225893,0.0,3447778.3700000006
Citibank,2022-03-31,21.94,18.581388862378073,0.0,3665662.3850000007
Citibank,2022-04-30,22.19,22.782900522530255,0.0,3883546.4000000004
Citibank,2022-05-31,23.74,24.343492838850924,0.0,3625166.79
Citibank,2022-06-30,20.61,23.254898170614783,0.0,4169546.0500000003
Citibank,2022-07-31,24.07,24.90976341807438,0.0,3576220.54
Citibank,2022-08-31,20.7,25.53195911887324,0.0,4155774.3900000006
Citibank,2022-09-30,22.55,26.18866797511441,0.0,3817719.3600000003
Citibank,2022-10-31,23.62,25.51385530233127,0.0,3641027.2199999997
Citibank,2022-11-30,20.17,27.463008387307465,0.0,3709881.64
Citibank,2022-12-31,20.23,26.890067931272334,0.0,3702709.1399999997
Citibank,2023-01-31,22.13,44.21431590115649,0.0,4396907.488220001
Citibank,2023-02-28,23.47,39.7914786731799,0.0,4306264.30227
Citibank,2023-03-31,24.255,39.174339654745054,0.0,4368612.565715
Citibank,2023-04-30,25.04,38.5572006363102,0.0,4430960.82916
Citibank,2023-05-31,27.11,35.857697466246314,0.0,4313737.754939999
Citibank,2023-06-30,29.877521506783562,33.5414075335041,0.0,4093965.4447399997
Citibank,2023-07-31,30.87697692143711,33.97854302201412,0.0,4150192.1994999996
Citibank,2023-08-31,30.835250067389573,34.99605225617058,0.0,4331573.90641
Citibank,2023-09-30,23.28883839099774,36.013561490327035,0.0,4585485.35574
Citibank,2023-10-31,24.398658786271962,37.031070724483484,0.0,4432045.4544400005
Citibank,2023-11-30,24.61481177858533,38.04857995863994,0.0,4675731.13868
Citibank,2023-12-31,27.46068905275822,35.36819399743084,0.0,4421015.44146
Citibank,2024-01-31,27.442893902077593,41.359253216368714,0.0,4629757.80297
Citibank,2024-02-29,25.645113950208696,33.06868434689828,0.0,4965679.11544
Citibank,2024-03-31,26.41124174400499,30.272410496428964,0.0,4872608.570280001
Citibank,2024-04-30,27.177369537801287,27.47613664595965,0.0,4779538.02512
Citibank,2024-05-31,26.733895063158776,28.26574508747583,0.0,5067755.46203
Citibank,2024-06-30,21.66237165966458,29.315377143749483,0.0,6483947.666359999
Citibank,2024-07-31,25.637863531448733,28.35968512735191,0.38000647976933477,5631026.64329
Citibank,2024-08-31,32.22962973507022,28.81697574539976,0.0,4727259.349880001
Citibank,2024-09-30,24.783102822355403,39.27435143578419,0.0,4636814.78321
Citibank,2024-10-31,18.251882325575806,38.10396026264128,0.0,6122073.382370001
Citibank,2024-11-30,25.08672098290686,35.61723116778529,0.0,4623736.93381
Citibank,2024-12-31,24.606631138767124,35.42980027271804,0.0,4889552.72799
Citibank,2025-01-31,22.676798507644016,26.880874422212038,0.0,5422021.050349999
Citibank,2025-02-28,26.244179734866414,28.819527648972798,0.0,4878579.44619
Citibank,2025-03-31,25.590303593912683,28.898062059411593,0.0,5121788.12177
Citibank,2025-04-30,24.936427452958952,28.976596469850385,0.0,5364996.79735
Citibank,2025-05-31,30.40168623854904,27.611651251400886,0.0,4497821.62795
Citibank,2025-06-30,29.93105324033307,32.2338114663874,0.0,4768280.73578
Citibank,2025-07-31,24.664280955214114,28.436205339811636,0.0,5820553.16663
Citibank,2025-08-31,32.32364432126307,28.75497939784814,0.0,4565408.8135
Citibank,2025-09-30,25.444687289890332,43.18608711581717,0.0,4295658.59977
Citibank,2025-10-31,19.92078693467832,40.739273180438566,0.0,5592559.888010001
Citibank,2025-11-30,20.488131145041873,38.60768493648093,0.0,5555288.75952
Citibank,2025-12-31,24.420353251001966,36.109519718593354,0.0,4708012.84809
Interbank,2018-01-31,16.35,33.55128112905358,2.8992490342581227,38528053.3
Interbank,2018-02-28,16.35,25.065377334292688,2.9422552437845804,38650326.0
Interbank,2018-03-31,16.61,24.296359046627714,2.830584753976771,39805548.25
Interbank,2018-04-30,16.87,23.52734075896274,2.7189142641689616,40960770.5
Interbank,2018-05-31,17.02,23.16864770977051,2.7156186285684525,40773690.5
Interbank,2018-06-30,16.68,22.45265502224251,2.719263564505028,41430421.800000004
Interbank,2018-07-31,16.61,21.707262011751666,2.7032868433619552,41528558.6
Interbank,2018-08-31,16.53,21.034883348760214,2.6911598055384465,41808580.2
Interbank,2018-09-30,16.24,20.662884487530704,2.615327787635492,42396433.99999999
Interbank,2018-10-31,16.12,20.36597680217385,2.665952482390168,42958680.9
Interbank,2018-11-30,16.21,19.876547559515576,2.646674765434693,43366133.2
Interbank,2018-12-31,15.79,19.598640144125188,2.6358145273637525,44390985.300000004
Interbank,2019-01-31,15.63,17.324566951880254,2.646432271818457,44823217.2
Interbank,2019-02-28,15.35,17.010675095454918,2.5842242333581784,45608142.400000006
Interbank,2019-03-31,15.86,19.164866052926726,2.6205574245684016,45606575.300000004
Interbank,2019-04-30,16.37,21.319057010398538,2.6568906157786247,45605008.2
Interbank,2019-05-31,16.23,20.802341503792313,2.671375915326661,46200591.1
Interbank,2019-06-30,16.08,20.868722378372553,2.674810370176857,46186182.50000001
Interbank,2019-07-31,16.0,23.76935931502927,2.7036129274972605,47181278.099999994
Interbank,2019-08-31,15.6,22.720652681425957,2.7357060840828646,48704127.80000001
Interbank,2019-09-30,15.41,22.12691623743039,2.7823974547528896,49088129.2
Interbank,2019-10-31,15.29,21.25600800671773,2.6495485668967156,49337767.800000004
Interbank,2019-11-30,15.1,20.52497700909509,2.6169384879145516,50148308.099999994
Interbank,2019-12-31,15.15,20.260707437742443,2.6224206937922343,50673785.599999994
Interbank,2020-01-31,14.88,17.195085412242427,2.674623591654716,51710325.599999994
Interbank,2020-02-29,14.87,17.07528920917022,2.7268264895171974,52011837.199999996
Interbank,2020-03-31,14.91,14.39027106580257,2.779029387379679,51712141.199999996
Interbank,2020-04-30,14.95,11.705252922434923,2.8312322852421605,51412445.199999996
Interbank,2020-05-31,14.75,9.369037071906932,2.883435183104642,52249556.6
Interbank,2020-06-30,14.68,7.992089126681188,2.9356380809671236,52552223.80000001
Interbank,2020-07-31,16.46,6.8976157219125325,2.987840978829605,53227542.7
Interbank,2020-08-31,16.6,6.160960620511324,3.040043876692087,52833520.0
Interbank,2020-09-30,16.97,5.568659858200463,3.0922467745545688,51680223.50000001
Interbank,2020-10-31,16.93,4.999058556912403,3.1444496724170503,51852946.8
Interbank,2020-11-30,17.04,4.560557120195768,3.196652570279532,51506421.4
Interbank,2020-12-31,16.99,4.283766487401539,3.2488554681420134,51451815.7
Interbank,2021-01-31,16.73,8.808046945143698,3.301058366004495,52146063.2
Interbank,2021-02-28,16.8,7.694072128628733,3.3532612638669765,51935791.5
Interbank,2021-03-31,16.675,8.5137730349939,3.2473404477240297,52719743.2
Interbank,2021-04-30,16.55,9.333473941359067,3.1414196315810834,53503694.9
Interbank,2021-05-31,16.49,10.446104542514654,3.1143235407766654,54648634.54000001
Interbank,2021-06-30,16.49,11.69789490018994,3.0289231910455414,54664453.05
Interbank,2021-07-31,16.3,12.641665285494716,3.0554743857575817,56061386.84
Interbank,2021-08-31,16.45,14.074987055917418,3.13715314245101,55690561.03
Interbank,2021-09-30,16.27,15.617953006798116,3.3208766668818273,56117464.96
Interbank,2021-10-31,15.97,16.56772262410615,3.701785013913876,56629993.150000006
Interbank,2021-11-30,15.89,17.450129504687002,3.696423987439104,57224133.11
Interbank,2021-12-31,15.87,17.64671014051772,3.616591693629776,57570306.25000001
Interbank,2022-01-31,15.16,19.48099403544598,3.6135557444654194,57359628.940000005
Interbank,2022-02-28,15.0,17.337435832241937,3.311646328827992,58104049.92
Interbank,2022-03-31,15.155000000000001,18.833431979598668,3.148497451131634,58430400.03
Interbank,2022-04-30,15.31,20.3294281269554,2.9853485734352767,58756750.14000001
Interbank,2022-05-31,15.26,18.955286219458827,2.8919030675787534,59369126.2
Interbank,2022-06-30,15.25,18.59544986844256,2.7887467772539547,60267698.75
Interbank,2022-07-31,15.01,18.20047411277471,2.789224427641506,62044692.60999999
Interbank,2022-08-31,15.26,17.469824752579992,3.1265850712650303,61611462.68000001
Interbank,2022-09-30,15.21,17.60493762426364,3.1960950929336778,62558397.53999999
Interbank,2022-10-31,15.31,17.055558108533138,3.3732115406709,62892002.480000004
Interbank,2022-11-30,15.0,16.72822584640079,3.2323836243841555,64500219.620000005
Interbank,2022-12-31,15.08,16.54978632094202,3.029075616052172,64690083.12
Interbank,2023-01-31,15.97,17.71332295221289,3.2096451131971806,59754842.63143
Interbank,2023-02-28,16.11,18.02004045621302,3.1611249210211434,59881103.679249994
Interbank,2023-03-31,15.614999999999998,17.517541070763478,3.0860674574754308,60693253.72630499
Interbank,2023-04-30,15.12,17.01504168531394,3.0110099939297177,61505403.77336
Interbank,2023-05-31,15.2,16.318279539526202,3.0200755048194208,62077745.49107
Interbank,2023-06-30,15.214347028569405,15.823719567180214,2.9532300763500294,62359787.84378
Interbank,2023-07-31,15.211745096957067,14.660032101027056,3.137865888282602,62705689.43790001
Interbank,2023-08-31,15.066119461159996,13.904615670867132,3.3145845403747827,63636757.43636
Interbank,2023-09-30,15.023000934369746,13.392491562112177,3.338336918828535,64277510.68496001
Interbank,2023-10-31,15.154135764059017,12.749028032901338,3.513737322884166,63910804.10132
Interbank,2023-11-30,15.270703619851597,12.048830436237253,3.5743791856556157,63724078.60897
Interbank,2023-12-31,15.452405021826717,11.67530702796932,3.5402794918444225,63494884.256699994
Interbank,2024-01-31,16.373806742070187,4.092697044569667,3.71021594744967,63175709.62524
Interbank,2024-02-29,16.410724264233348,6.785155205978977,3.683010133261017,63146340.92257
Interbank,2024-03-31,15.79841550183257,6.784685419094228,3.63594185950641,62734765.33507
Interbank,2024-04-30,15.186106739431793,6.78421563220948,3.588873585751803,62323189.74757
Interbank,2024-05-31,15.164190856251231,7.058756522510526,3.541805311997196,62904852.44466999
Interbank,2024-06-30,14.975264039531961,7.544792899749482,3.368307778033869,64741739.31543
Interbank,2024-07-31,15.43608352962296,8.326911210127632,3.2942172805016123,63082982.37167999
Interbank,2024-08-31,15.667230766928885,9.085063295290567,3.1419815344268103,63393098.34597
Interbank,2024-09-30,15.85044030011121,9.735132979784773,3.05844455350362,63356263.9027
Interbank,2024-10-31,16.02142917904331,10.359420377657898,2.989506821863057,62779437.347059995
Interbank,2024-11-30,16.224202183731002,10.679869127403977,2.888854809256136,62740777.62308
Interbank,2024-12-31,15.922216225510521,11.043039819994222,2.7087953686655677,64308281.86302
Interbank,2025-01-31,18.000438241264792,15.947825782743433,2.787058648726976,63519440.80838
Interbank,2025-02-28,17.90492474493855,14.071236510386326,2.6833634249779785,64143033.34523
Interbank,2025-03-31,17.566350431289955,14.713236202092869,2.683222049924189,64826689.772319995
Interbank,2025-04-30,17.227776117641362,15.35523589379941,2.6830806748704,65510346.19940999
Interbank,2025-05-31,17.081141509338178,15.406910765114704,2.7358930929886527,66514953.48643
Interbank,2025-06-30,16.862040665214995,14.987317344887291,2.6065698909493262,67972821.12719001
Interbank,2025-07-31,15.48712854997257,14.975682035001144,2.6410872479992538,68502019.60251
Interbank,2025-08-31,15.751003054622547,15.14489392492426,2.573620123936608,68301041.29872
Interbank,2025-09-30,15.79490097844413,15.070397481845168,2.5478352520124385,68810366.70932999
Interbank,2025-10-31,15.94322327030957,14.76241558112065,2.5893607034034916,68408888.49114001
Interbank,2025-11-30,15.987898540399009,14.722120734748378,2.4108455997116254,69052546.56891
Interbank,2025-12-31,16.02217513158541,14.856841416298543,2.4502033878738994,69129765.40949
Mibanco,2018-01-31,14.93,30.98115703898612,4.741852333698537,9749364.5
Mibanco,2018-02-28,14.84,24.63473170886813,4.8299207106095015,9817907.4
Mibanco,2018-03-31,14.965,26.647340894820204,5.02484709870164,9859041.25
Mibanco,2018-04-30,15.09,28.65995008077228,5.2197734867937795,9900175.1
Mibanco,2018-05-31,14.79,28.565294397657187,5.316734462546065,10115915.7
Mibanco,2018-06-30,14.79,26.970556519428506,5.478979238300365,10121795.1
Mibanco,2018-07-31,14.78,26.901316058477327,5.4278452019807055,10123841.8
Mibanco,2018-08-31,14.76,26.551746383150416,5.458824124020129,10141593.6
Mibanco,2018-09-30,15.1,25.86053317860521,5.503076217434881,9890756.5
Mibanco,2018-10-31,14.95,26.81326156017157,5.440743804444395,9996720.7
Mibanco,2018-11-30,14.72,26.11080871103818,5.289561944672,10165051.5
Mibanco,2018-12-31,14.35,25.238532611231683,5.274449367918212,10393936.0
Mibanco,2019-01-31,14.36,19.495451656562764,5.304058535618908,10379537.1
Mibanco,2019-02-28,14.31,17.25394206168118,5.325750817396278,10425995.8
Mibanco,2019-03-31,14.55,18.351109428585026,5.341821537262419,10670390.4
Mibanco,2019-04-30,14.79,19.44827679548887,5.357892257128561,10914785.0
Mibanco,2019-05-31,14.91,19.70312181210255,5.304699913005084,10825787.5
Mibanco,2019-06-30,14.86,19.126558753370137,5.429082442950033,10859989.8
Mibanco,2019-07-31,15.53,19.623731305002458,5.435082154294965,10838875.4
Mibanco,2019-08-31,15.44,19.20685522928425,5.494257801091566,10906324.8
Mibanco,2019-09-30,15.34,19.00413783603714,5.502130748924226,10985106.2
Mibanco,2019-10-31,15.2,20.086958456031546,5.452987697577672,11097149.5
Mibanco,2019-11-30,14.87,19.9703483159013,5.3856695205610645,11356973.5
Mibanco,2019-12-31,14.45,19.93838943294867,5.417760242287712,11535997.500000002
Mibanco,2020-01-31,13.84,18.04846868569722,5.620336151661748,12434255.4
Mibanco,2020-02-29,13.71,17.298146055212918,5.822912061035784,12564857.7
Mibanco,2020-03-31,13.870000000000001,13.505133742254934,6.02548797040982,12791158.35
Mibanco,2020-04-30,14.03,9.71212142929695,6.228063879783856,13017459.0
Mibanco,2020-05-31,15.91,8.138388503770736,6.430639789157892,13179633.100000001
Mibanco,2020-06-30,15.94,6.883342220847732,6.633215698531929,13154837.899999999
Mibanco,2020-07-31,17.17,5.99909599074535,6.835791607905964,12138511.6
Mibanco,2020-08-31,17.68,5.34608777544158,7.038367517280001,11768459.399999999
Mibanco,2020-09-30,17.68,4.82523931561401,7.240943426654036,11763212.8
Mibanco,2020-10-31,17.26,4.407763090202294,7.443519336028073,12059226.200000001
Mibanco,2020-11-30,16.96,4.06539833933153,7.646095245402108,12284492.8
Mibanco,2020-12-31,19.82,-1.5087482378601658,7.848671154776145,12356336.299999999
Mibanco,2021-01-31,19.69,2.916285202252814,8.051247064150182,12444277.1
Mibanco,2021-02-28,19.82,1.8974066018743125,8.253822973524217,12381877.2
Mibanco,2021-03-31,18.835,2.3005042273327674,8.638262025401888,12521870.250000002
Mibanco,2021-04-30,17.85,2.703601852791222,9.022701077279558,12661863.300000004
Mibanco,2021-05-31,17.09,4.377715342981127,8.940597229487578,12734650.639999999
Mibanco,2021-06-30,17.25,5.52966604829421,8.95191592105814,12703309.009999998
Mibanco,2021-07-31,16.96,6.590675192947,8.532544675328843,13054544.46
Mibanco,2021-08-31,16.85,6.898346394101959,8.354361202695085,13234979.97
Mibanco,2021-09-30,16.74,7.33802453967806,8.11664866178278,13430936.160000002
Mibanco,2021-10-31,16.79,7.880935062882006,8.34964340648573,13509519.68
Mibanco,2021-11-30,16.59,8.350066117227207,6.750782978999399,13824836.959999997
Mibanco,2021-12-31,16.4,8.097831298373283,6.787337764976605,14055964.750000002
Mibanco,2022-01-31,16.23,17.852775660575386,6.92223052629396,14212779.339999998
Mibanco,2022-02-28,15.95,15.505584779716559,6.713803659890048,14483141.71
Mibanco,2022-03-31,15.62,17.852891861621064,6.721262950151548,14826635.07
Mibanco,2022-04-30,15.29,20.20019894352557,6.728722240413049,15170128.43
Mibanco,2022-05-31,15.02,20.942165186054208,6.879511853166771,15461167.65
Mibanco,2022-06-30,14.83,21.28303687170178,6.851132690793838,15638132.2
Mibanco,2022-07-31,14.64,20.67104491748236,6.81238289895775,15848913.879999999
Mibanco,2022-08-31,14.73,20.101159742728406,6.509627890400754,15755249.04
Mibanco,2022-09-30,14.61,19.181151079084977,6.622704266058947,15882852.860000001
Mibanco,2022-10-31,14.450000000000001,18.351512792958243,6.733116688352632,16080267.549999997
Mibanco,2022-11-30,14.22,17.730310451616628,5.882845507510013,16362821.31
Mibanco,2022-12-31,14.69,16.642777530299202,5.566191607950896,15850328.870000001
Mibanco,2023-01-31,18.93,11.426525687301627,4.973233979876531,14398993.09667
Mibanco,2023-02-28,18.830000000000002,8.247386510508793,4.521600139871036,14552997.41205
Mibanco,2023-03-31,18.76,8.179761671980229,5.017816694638175,14713633.013864998
Mibanco,2023-04-30,18.69,8.112136833451665,5.514033249405315,14874268.615679998
Mibanco,2023-05-31,18.72,8.83090111195019,6.097064743928436,14971068.56109
Mibanco,2023-06-30,18.787272855814756,9.447979445912381,6.313298431344326,15024306.701770002
Mibanco,2023-07-31,19.145372626671794,9.938250037737852,6.369228644255222,14866143.49166
Mibanco,2023-08-31,19.439412722175454,10.434228040504626,6.513100958203487,14755898.60132
Mibanco,2023-09-30,19.784957817987195,9.65184153431607,6.292915249993497,14486300.34623
Mibanco,2023-10-31,19.915093632401053,9.142319558811497,6.4307829517661865,14418767.876869999
Mibanco,2023-11-30,20.17495745757942,8.79975494406098,6.4039159953836915,14303470.445350002
Mibanco,2023-12-31,20.606360502646304,9.28218932990259,6.346940067641023,14096879.7414
Mibanco,2024-01-31,20.98609448757766,13.576361575136398,6.3138549589127555,13976429.27321
Mibanco,2024-02-29,21.167808145031664,10.08981270809093,6.427999778132987,13895583.98208
Mibanco,2024-03-31,19.750368070129564,11.259715031367108,6.564941722265749,13872176.016305
Mibanco,2024-04-30,18.332927995227465,12.429617354643288,6.70188366639851,13848768.05053
Mibanco,2024-05-31,18.503716832270662,11.625102330787538,7.301529450743398,13793929.088459998
Mibanco,2024-06-30,18.948379236262404,10.348367556787776,7.433225131781351,13645422.069140002
Mibanco,2024-07-31,19.647867701815372,10.04071249898734,7.451390549936446,13230428.14975
Mibanco,2024-08-31,20.038432183782373,9.911559573914609,7.296229414150634,13081848.51715
Mibanco,2024-09-30,20.221597484035886,10.343734956982026,7.058694900277556,13096298.695
Mibanco,2024-10-31,18.982282059914912,11.494952385920465,6.971328572858276,13117436.98927
Mibanco,2024-11-30,19.16679901699817,11.728845768940573,6.707022003356109,13198682.527150001
Mibanco,2024-12-31,19.42085024056554,12.284371458863932,6.631344786875423,13267611.34864
Mibanco,2025-01-31,19.705846272032243,16.069785520017327,6.131034339984666,13265121.800779998
Mibanco,2025-02-28,19.786819421857864,14.710678994198718,5.799316514105839,13400589.629560001
Mibanco,2025-03-31,19.520109234777582,16.769831178427925,5.622937627719926,13224449.451515
Mibanco,2025-04-30,19.2533990476973,18.82898336265713,5.446558741334012,13048309.27347
Mibanco,2025-05-31,19.35490911815763,19.2923717618069,5.2969786158214145,13204513.003449999
Mibanco,2025-06-30,19.607710062475476,19.467431519549354,5.225206345906123,13253200.204389999
Mibanco,2025-07-31,19.837198619340235,19.82809174235627,5.111972657202928,13355229.67567
Mibanco,2025-08-31,21.035950652811756,19.933971248683015,4.9505902784553175,13453415.06877
Mibanco,2025-09-30,21.128717666600526,20.16385567273012,4.7617216589408065,13683409.764770001
Mibanco,2025-10-31,21.206963383896614,20.278468744889583,4.605994184913983,13908978.454610001
Mibanco,2025-11-30,21.21183125977551,20.125648464918797,4.395854473222921,14163769.62403
Mibanco,2025-12-31,21.25192867821949,19.87304744646773,4.369249522082265,14307577.290459998
Scotiabank Perú,2018-01-31,15.07,15.969863556717131,3.2456272299321585,53481382.300000004
Scotiabank Perú,2018-02-28,14.77,14.325210396150792,3.256325301916584,54729727.099999994
Scotiabank Perú,2018-03-31,14.865,14.935603563506461,3.2228002770938664,55551131.0
Scotiabank Perú,2018-04-30,14.96,15.54599673086213,3.1892752522711487,56372534.900000006
Scotiabank Perú,2018-05-31,14.87,15.61885138154857,3.2246855433489805,56675062.400000006
Scotiabank Perú,2018-06-30,14.67,15.079793889270448,3.2590927258760303,57313571.7
Scotiabank Perú,2018-07-31,14.56,14.804478323144021,3.319650378923901,57603100.89999999
Scotiabank Perú,2018-08-31,14.63,14.98275540429419,3.442093603686639,57229687.599999994
Scotiabank Perú,2018-09-30,14.46,15.111854808738478,3.340068495225638,57553864.20000001
Scotiabank Perú,2018-10-31,14.26,14.918025801556126,3.431841857952907,58428056.800000004
Scotiabank Perú,2018-11-30,14.13,14.604973035084464,3.4790462518735827,58833195.4
Scotiabank Perú,2018-12-31,14.64,14.45249859042692,3.5319954798650057,59781666.900000006
Scotiabank Perú,2019-01-31,14.65,13.80457443462198,3.505822595994722,59448023.3
Scotiabank Perú,2019-02-28,14.57,13.052176264672202,3.5085139708566775,59668056.2
Scotiabank Perú,2019-03-31,14.445,13.625939801738985,3.527500811896892,60559433.50000001
Scotiabank Perú,2019-04-30,14.32,14.199703338805769,3.5464876529371065,61450810.80000001
Scotiabank Perú,2019-05-31,14.04,14.4800762892032,3.554473876482557,62614981.3
Scotiabank Perú,2019-06-30,13.91,14.986256613495641,3.5465901839733807,62828791.800000004
Scotiabank Perú,2019-07-31,13.38,15.532893718479594,3.5881502922758703,65201446.8
Scotiabank Perú,2019-08-31,14.48,15.6323295220547,3.5644250697976427,63838121.5
Scotiabank Perú,2019-09-30,14.4,15.392418314459555,3.592633281187881,63960920.3
Scotiabank Perú,2019-10-31,14.25,15.602840513509792,3.6073278928449,64282988.4
Scotiabank Perú,2019-11-30,14.42,15.171422626322409,3.57029328717827,65647021.5
Scotiabank Perú,2019-12-31,14.45,14.875981277594688,3.502228113362015,65034003.29999999
Scotiabank Perú,2020-01-31,14.08,17.68756317497013,3.644545635675738,66769890.699999996
Scotiabank Perú,2020-02-29,13.98,15.44802670171702,3.786863157989462,67268755.19999999
Scotiabank Perú,2020-03-31,14.43,12.80318554720363,3.929180680303185,67198661.6
Scotiabank Perú,2020-04-30,14.88,10.158344392690239,4.071498202616908,67128568.0
Scotiabank Perú,2020-05-31,14.88,8.394007037382657,4.213815724930631,68179237.3
Scotiabank Perú,2020-06-30,14.95,7.147198213662236,4.3561332472443555,67433610.69999999
Scotiabank Perú,2020-07-31,15.18,6.091876839467181,4.498450769558079,66609687.300000004
Scotiabank Perú,2020-08-31,15.53,5.593791578057885,4.640768291871802,65306810.8
Scotiabank Perú,2020-09-30,16.07,4.975489924599425,4.783085814185525,63351956.6
Scotiabank Perú,2020-10-31,16.29,3.919158686050018,4.925403336499249,62776016.3
Scotiabank Perú,2020-11-30,16.45,2.966825238082306,5.067720858812972,62379577.800000004
Scotiabank Perú,2020-12-31,16.5,2.6648216682004082,5.2100383811266955,62373857.599999994
Scotiabank Perú,2021-01-31,15.98,3.163939988696284,5.352355903440419,64710933.8
Scotiabank Perú,2021-02-28,15.97,3.5321302374302856,5.494673425754142,64800806.2
Scotiabank Perú,2021-03-31,15.855,4.912776683861074,5.0237776869407895,66374578.34
Scotiabank Perú,2021-04-30,15.74,6.293423130291862,4.552881948127436,67948350.48
Scotiabank Perú,2021-05-31,15.48,6.701997722228069,4.37008524284716,69313597.89
Scotiabank Perú,2021-06-30,15.36,7.42561816667702,4.386454362677165,69178424.98000002
Scotiabank Perú,2021-07-31,14.59,8.044440428770926,4.3273496783580745,73960861.98000002
Scotiabank Perú,2021-08-31,14.69,8.697051636690901,4.276444124454612,73484474.49
Scotiabank Perú,2021-09-30,14.65,9.213078241657984,4.065726355477697,73760882.06000003
Scotiabank Perú,2021-10-31,14.59,8.808244148790475,3.9937389423902165,73538100.04000002
Scotiabank Perú,2021-11-30,14.48,9.204426190262177,3.8854489147342033,74162008.54000002
Scotiabank Perú,2021-12-31,14.7,9.652634116573367,3.853394632780422,72518047.24000001
Scotiabank Perú,2022-01-31,14.41,14.716913128101641,3.711617916866567,73554858.64000002
Scotiabank Perú,2022-02-28,13.92,13.867540749919415,3.5452642869829214,75905590.20999998
Scotiabank Perú,2022-03-31,14.035,16.248711378324668,3.50411744540434,75767226.945
Scotiabank Perú,2022-04-30,14.15,18.62988200672992,3.462970603825758,75628863.68
Scotiabank Perú,2022-05-31,14.24,16.163189920927763,3.429699160749896,74996168.76
Scotiabank Perú,2022-06-30,13.91,15.338125990021078,3.6158422122233405,76402618.85000001
Scotiabank Perú,2022-07-31,13.83,14.86110437562768,3.8965783976797863,77043730.73000002
Scotiabank Perú,2022-08-31,14.01,14.407525167116567,4.0086068254812,75831092.79999998
Scotiabank Perú,2022-09-30,13.97,14.064211806363422,4.029771539085619,76384612.57
Scotiabank Perú,2022-10-31,13.85,13.390957345184546,4.073138527352797,76940390.84
Scotiabank Perú,2022-11-30,13.71,13.065489131757202,4.1111778095205675,77095996.33
Scotiabank Perú,2022-12-31,13.97,13.087483573168033,4.079231940712452,75547701.66999999
Scotiabank Perú,2023-01-31,14.88,11.419313656750841,4.041385248863151,75135996.02179
Scotiabank Perú,2023-02-28,14.72,10.218542064974772,4.090317848493705,76520724.33763999
Scotiabank Perú,2023-03-31,14.435,10.142375663114763,4.114833362904122,76210077.562715
Scotiabank Perú,2023-04-30,14.15,10.066209261254754,4.1393488773145375,75899430.78778999
Scotiabank Perú,2023-05-31,14.41,10.17183264835676,3.7183317116756527,75402000.83696999
Scotiabank Perú,2023-06-30,14.355271514349512,9.591452631869364,3.7502028121806195,75480652.60680999
Scotiabank Perú,2023-07-31,14.498072961873792,8.951218094065005,3.963606880940514,75001785.51584
Scotiabank Perú,2023-08-31,14.635956804680852,8.596215946487092,3.9879798397559423,74688229.84797001
Scotiabank Perú,2023-09-30,14.76837373759819,8.279429726945361,4.140861380689677,74228169.68798
Scotiabank Perú,2023-10-31,14.923559156920637,5.574220494845998,4.253126680707144,73292418.53345999
Scotiabank Perú,2023-11-30,14.997215706866676,5.7769866067636695,4.351136998235785,73832940.90402
Scotiabank Perú,2023-12-31,14.947521729540439,6.3623834516516,4.517681428784953,72464858.85287
Scotiabank Perú,2024-01-31,15.11411686563529,8.431840217542739,4.544627924963518,72302523.08663
Scotiabank Perú,2024-02-29,15.416412868885383,8.25440774886998,4.641238164074051,71196544.47358
Scotiabank Perú,2024-03-31,15.087569724067135,7.931144593591173,4.700861518665777,71105691.66654
Scotiabank Perú,2024-04-30,14.758726579248888,7.607881438312367,4.760484873257502,71014838.85949999
Scotiabank Perú,2024-05-31,15.161531921226201,1.6010980556600833,4.767465799674871,70399708.47603
Scotiabank Perú,2024-06-30,14.669107143651908,3.56936746072931,4.882564325989673,73167156.10584
Scotiabank Perú,2024-07-31,15.651246979520153,4.852696328178186,4.741839501443831,69028870.36873999
Scotiabank Perú,2024-08-31,15.923466264099789,5.865263889587129,4.244874473651027,68756148.71878001
Scotiabank Perú,2024-09-30,16.213778435980437,6.230366423013737,4.356424483608289,68019667.28065
Scotiabank Perú,2024-10-31,16.539186236870464,6.678655918785256,4.272834653519138,67013786.88748
Scotiabank Perú,2024-11-30,17.067966766919632,7.277900588025592,4.3166677514987,65622629.73509999
Scotiabank Perú,2024-12-31,17.140810126945755,8.041546525294633,4.2552341082804315,66259908.08475
Scotiabank Perú,2025-01-31,17.340269012694165,14.95073246083935,4.1269240923960435,66269666.86202999
Scotiabank Perú,2025-02-28,18.184203956196942,13.392684223057358,4.134603936014968,67337122.6917
Scotiabank Perú,2025-03-31,17.803159527847654,14.035072182190708,4.143089455788262,67209530.798555
Scotiabank Perú,2025-04-30,17.42211509949837,14.677460141324058,4.151574975561555,67081938.90541
Scotiabank Perú,2025-05-31,17.58433771380655,13.938558840159477,4.051650337255584,67105361.089590006
Scotiabank Perú,2025-06-30,17.748137556618985,14.426256691661147,3.994469448663756,67574560.42403
Scotiabank Perú,2025-07-31,20.055868531458955,13.327267783624617,4.0540384813943495,67250706.46457
Scotiabank Perú,2025-08-31,20.187091508223798,12.641981605172242,4.109928432911888,67175226.45698
Scotiabank Perú,2025-09-30,18.63238856821512,13.008591358009127,4.001128420515624,67214874.15458
Scotiabank Perú,2025-10-31,18.244265246917017,12.605207539242649,3.99371077758875,68951529.40177
Scotiabank Perú,2025-11-30,18.43505215008098,12.427807364068267,3.937431130191202,68808257.61107
Scotiabank Perú,2025-12-31,18.591899798367425,12.59390481545787,3.9376431837123906,69057551.21133
